transaction_id,user_id,transaction_date,amount,currency,category,is_fraud
txn_0000,6e025f27-840d-48cf-ba66-ff1fb080ab83,2025-03-26 14:55:58,663.92,USD,services,1
txn_0001,9b15ee91-8d72-4991-a5aa-b52cf6730101,2025-04-08 13:52:18,617.18,EUR,services,0
txn_0002,bc2ab415-6097-475a-9376-c2d83e536f0b,2025-04-03 10:30:31,45.8,RUB,services,0
txn_0003,bbc02506-18e9-44bb-a05f-37bd783d9789,2025-03-21 21:23:18,178.51,EUR,clothing,0
txn_0004,47937ab1-6274-483b-860e-fffcf8d805ba,2025-03-28 18:05:04,941.48,EUR,electronics,0
txn_0005,f99a3c5e-1a78-45d7-8786-8a51fc899fdd,2025-03-17 06:12:35,223.57,USD,clothing,0
txn_0006,ea427ed6-cd5d-46cc-b61f-974444b21bb5,2025-03-25 05:30:51,189.48,JPY,home,0
txn_0007,52d39ae6-44ce-4610-b214-57dce05da562,2025-03-18 13:50:43,242.81,JPY,food,0
txn_0008,84480f22-1ec6-4566-9059-f9b7a45fb4b6,2025-03-26 11:43:23,874.03,GBP,clothing,0
txn_0009,0292f3b6-5a2f-4d35-97a4-375fd162bd8c,2025-03-17 06:52:16,883.59,JPY,clothing,0
txn_0010,56c26193-cf9e-48f0-b203-b48728eeaab1,2025-03-18 00:33:02,228.77,USD,services,0
txn_0011,049977fb-7a31-4a64-922d-d6259ee8a6a4,2025-04-12 02:03:59,601.38,RUB,clothing,0
txn_0012,f584571b-b005-4fbd-a64b-f83b987e5975,2025-03-25 14:46:18,553.34,RUB,food,0
txn_0013,e46c1325-ad36-4303-a9bc-8e8a315548bb,2025-04-04 13:58:11,760.04,RUB,services,0
txn_0014,6e025f27-840d-48cf-ba66-ff1fb080ab83,2025-03-18 18:30:53,353.23,JPY,clothing,0
txn_0015,d0104828-6e63-40f5-a494-92377b6b6a9f,2025-04-09 07:35:47,717.47,JPY,food,0
txn_0016,9b15ee91-8d72-4991-a5aa-b52cf6730101,2025-03-22 01:51:19,411.3,USD,electronics,0
txn_0017,049977fb-7a31-4a64-922d-d6259ee8a6a4,2025-04-12 04:18:16,634.03,JPY,clothing,0
txn_0018,b7278574-2ee7-419c-ae43-7e0ff3113356,2025-03-23 05:38:19,318.65,USD,electronics,0
txn_0019,d0104828-6e63-40f5-a494-92377b6b6a9f,2025-03-16 15:27:28,943.17,EUR,food,1
txn_0020,06d94842-b8a8-4f9f-a35e-ddbfd1ce4265,2025-04-02 06:44:31,512.02,USD,food,0
txn_0021,449f2d5d-c63a-413a-ba68-9446bec37727,2025-04-07 20:44:14,212.8,JPY,electronics,0
txn_0022,b0a5df63-0330-409a-8581-0e1c100857b7,2025-04-09 14:35:29,31.77,JPY,services,0
txn_0023,47937ab1-6274-483b-860e-fffcf8d805ba,2025-03-23 11:09:56,726.51,USD,food,0
txn_0024,c1817f64-5de5-470b-a73a-2b56cb10ad64,2025-03-27 06:36:43,951.85,EUR,electronics,1
txn_0025,f5b83a35-9843-457f-a393-df64bf30a057,2025-04-09 19:31:27,851.62,JPY,electronics,0
txn_0026,f1c6ce60-3d97-4bc1-99d9-0e0fe040ea99,2025-03-28 20:38:28,317.41,GBP,home,0
txn_0027,6e025f27-840d-48cf-ba66-ff1fb080ab83,2025-03-19 15:33:04,25.4,RUB,clothing,0
txn_0028,9e2c6eb4-9154-4ef8-8119-83869e10b0c2,2025-04-07 10:36:10,857.96,GBP,services,0
txn_0029,ac8244b2-0417-4ba7-8ba7-22c518fa0875,2025-03-30 00:57:46,429.76,RUB,clothing,0
txn_0030,7e132216-5bb9-49db-b8bc-ad5587413457,2025-03-24 10:13:53,728.31,JPY,electronics,0
txn_0031,52d39ae6-44ce-4610-b214-57dce05da562,2025-04-05 05:34:32,526.38,USD,home,0
txn_0032,684ccb89-eac7-4f65-b1af-a22bb5221466,2025-04-10 13:50:06,139.95,EUR,clothing,0
txn_0033,bc2ab415-6097-475a-9376-c2d83e536f0b,2025-04-08 14:08:59,855.84,GBP,home,0
txn_0034,0292f3b6-5a2f-4d35-97a4-375fd162bd8c,2025-04-08 06:07:10,127.47,JPY,electronics,0
txn_0035,c1817f64-5de5-470b-a73a-2b56cb10ad64,2025-04-09 20:23:35,7.04,EUR,clothing,0
txn_0036,8b1e4485-c4c3-4ad6-9386-16c9f5016a87,2025-03-23 13:55:12,416.79,USD,home,0
txn_0037,168ec8ea-3226-4a50-b463-bde5c2001e52,2025-03-16 01:50:00,153.97,GBP,home,0
txn_0038,7dbb3b2f-f22a-4339-bf16-7763afaaa659,2025-04-09 18:24:23,945.59,JPY,home,0
txn_0039,09a8efa4-4cd3-4407-89a0-1995b541d1a0,2025-04-02 19:52:14,703.93,USD,home,0
txn_0040,25a7f241-8539-4f93-b907-c327bce32be8,2025-03-20 07:04:23,205.08,GBP,clothing,0
txn_0041,f98678b1-779f-4445-8a4a-6b57bbeabf0a,2025-03-22 16:32:59,401.43,USD,services,0
txn_0042,9e2c6eb4-9154-4ef8-8119-83869e10b0c2,2025-03-24 23:35:07,687.0,JPY,services,0
txn_0043,684ccb89-eac7-4f65-b1af-a22bb5221466,2025-03-24 07:34:52,217.77,EUR,services,0
txn_0044,2830daa7-002c-4528-a777-51ae37cd0570,2025-04-07 17:47:22,902.61,JPY,services,0
txn_0045,2830daa7-002c-4528-a777-51ae37cd0570,2025-03-18 17:42:14,576.7,RUB,food,0
txn_0046,2830daa7-002c-4528-a777-51ae37cd0570,2025-03-28 10:25:56,123.94,RUB,electronics,0
txn_0047,f925b328-51fa-43ac-9c9f-b1beea0cbfea,2025-03-18 16:38:23,507.72,USD,clothing,0
txn_0048,06d94842-b8a8-4f9f-a35e-ddbfd1ce4265,2025-03-26 03:33:38,82.41,GBP,electronics,0
txn_0049,581db429-eae0-401b-b9ad-c3590d379008,2025-04-05 00:40:32,868.5,GBP,home,0
txn_0050,8b1e4485-c4c3-4ad6-9386-16c9f5016a87,2025-03-18 11:48:40,821.37,EUR,electronics,0
txn_0051,3ff1c715-7073-4d47-a78d-dc4584df4a44,2025-04-01 05:09:12,706.2,GBP,clothing,0
txn_0052,f99a3c5e-1a78-45d7-8786-8a51fc899fdd,2025-03-18 04:50:33,600.24,RUB,services,0
txn_0053,f1c6ce60-3d97-4bc1-99d9-0e0fe040ea99,2025-03-29 03:35:11,536.62,JPY,electronics,0
txn_0054,fd5da385-2985-4024-b60a-e52f0e82e6f8,2025-03-21 13:27:07,293.48,RUB,food,0
txn_0055,1903d23d-9d74-4f96-bc1b-0e670380d32d,2025-04-09 01:38:59,419.65,JPY,clothing,0
txn_0056,fd5da385-2985-4024-b60a-e52f0e82e6f8,2025-04-04 08:17:43,462.96,JPY,services,0
txn_0057,ea427ed6-cd5d-46cc-b61f-974444b21bb5,2025-04-08 18:41:50,634.02,EUR,clothing,0
txn_0058,684ccb89-eac7-4f65-b1af-a22bb5221466,2025-04-10 11:23:25,528.58,JPY,clothing,0
txn_0059,f5b83a35-9843-457f-a393-df64bf30a057,2025-04-11 03:47:40,400.83,GBP,home,0
txn_0060,f99a3c5e-1a78-45d7-8786-8a51fc899fdd,2025-03-21 08:29:49,394.82,JPY,services,0
txn_0061,06d94842-b8a8-4f9f-a35e-ddbfd1ce4265,2025-04-07 04:40:58,252.34,JPY,electronics,0
txn_0062,7dbb3b2f-f22a-4339-bf16-7763afaaa659,2025-03-23 22:30:49,465.72,USD,services,0
txn_0063,9b15ee91-8d72-4991-a5aa-b52cf6730101,2025-04-09 15:37:04,915.5,JPY,electronics,0
txn_0064,8b1e4485-c4c3-4ad6-9386-16c9f5016a87,2025-04-11 11:08:01,115.74,JPY,services,0
txn_0065,06d94842-b8a8-4f9f-a35e-ddbfd1ce4265,2025-03-22 11:24:53,782.3,GBP,electronics,0
txn_0066,9e2c6eb4-9154-4ef8-8119-83869e10b0c2,2025-03-18 15:00:42,395.89,JPY,home,0
txn_0067,7e132216-5bb9-49db-b8bc-ad5587413457,2025-03-19 12:52:50,924.65,USD,services,1
txn_0068,2830daa7-002c-4528-a777-51ae37cd0570,2025-03-31 02:58:40,54.48,USD,services,0
txn_0069,f98678b1-779f-4445-8a4a-6b57bbeabf0a,2025-03-15 22:44:35,69.02,JPY,home,0
txn_0070,7dbb3b2f-f22a-4339-bf16-7763afaaa659,2025-03-23 08:34:33,163.0,EUR,services,0
txn_0071,0292f3b6-5a2f-4d35-97a4-375fd162bd8c,2025-03-22 21:03:51,671.93,EUR,electronics,0
txn_0072,84480f22-1ec6-4566-9059-f9b7a45fb4b6,2025-03-31 12:08:19,467.79,USD,services,0
txn_0073,06d94842-b8a8-4f9f-a35e-ddbfd1ce4265,2025-04-04 00:51:30,280.06,RUB,clothing,0
txn_0074,ac8244b2-0417-4ba7-8ba7-22c518fa0875,2025-03-20 08:07:00,464.01,USD,home,0
txn_0075,5e58c2f2-9679-4f47-806d-255f5f240bb0,2025-04-05 13:31:25,624.51,GBP,home,0
txn_0076,2c7d402e-71de-49a7-9fd6-7d72e260da97,2025-04-07 05:41:03,699.93,RUB,services,0
txn_0077,9b15ee91-8d72-4991-a5aa-b52cf6730101,2025-03-27 04:11:30,450.64,EUR,home,1
txn_0078,84480f22-1ec6-4566-9059-f9b7a45fb4b6,2025-03-30 18:53:37,528.54,EUR,food,0
txn_0079,f98678b1-779f-4445-8a4a-6b57bbeabf0a,2025-04-11 04:24:53,787.27,RUB,electronics,0
txn_0080,ac8244b2-0417-4ba7-8ba7-22c518fa0875,2025-03-23 00:12:00,618.06,RUB,food,0
txn_0081,06d94842-b8a8-4f9f-a35e-ddbfd1ce4265,2025-04-07 16:22:19,50.03,GBP,services,0
txn_0082,8e56f62c-0003-46c4-b2e8-ba88794b94f5,2025-04-10 04:24:24,868.54,JPY,clothing,0
txn_0083,0f2c4bb9-9255-4bad-8935-7fb669dd767b,2025-03-30 00:41:36,213.76,GBP,home,0
txn_0084,f584571b-b005-4fbd-a64b-f83b987e5975,2025-03-19 23:38:18,146.34,GBP,clothing,0
txn_0085,5fe14149-66c4-463e-a57d-9c170faa3281,2025-04-05 19:10:35,154.31,USD,clothing,0
txn_0086,581db429-eae0-401b-b9ad-c3590d379008,2025-03-31 16:23:58,650.68,EUR,electronics,0
txn_0087,52d39ae6-44ce-4610-b214-57dce05da562,2025-03-30 04:42:17,74.4,RUB,food,0
txn_0088,b7278574-2ee7-419c-ae43-7e0ff3113356,2025-03-22 18:34:49,348.57,RUB,home,0
txn_0089,f98678b1-779f-4445-8a4a-6b57bbeabf0a,2025-03-31 08:42:30,390.12,EUR,electronics,0
txn_0090,f99a3c5e-1a78-45d7-8786-8a51fc899fdd,2025-03-20 22:48:22,2.28,GBP,clothing,0
txn_0091,25a7f241-8539-4f93-b907-c327bce32be8,2025-04-12 12:23:45,466.05,JPY,services,0
txn_0092,8b1e4485-c4c3-4ad6-9386-16c9f5016a87,2025-03-17 23:30:03,882.61,JPY,home,0
txn_0093,b0a5df63-0330-409a-8581-0e1c100857b7,2025-04-03 07:42:12,864.79,RUB,electronics,0
txn_0094,8b1e4485-c4c3-4ad6-9386-16c9f5016a87,2025-03-30 17:46:37,521.72,GBP,clothing,0
txn_0095,581db429-eae0-401b-b9ad-c3590d379008,2025-04-07 05:08:03,621.34,USD,food,0
txn_0096,3ff1c715-7073-4d47-a78d-dc4584df4a44,2025-04-13 11:26:20,315.86,JPY,electronics,0
txn_0097,7e132216-5bb9-49db-b8bc-ad5587413457,2025-03-31 12:11:07,235.41,USD,clothing,0
txn_0098,fd5da385-2985-4024-b60a-e52f0e82e6f8,2025-03-15 21:57:41,513.02,USD,electronics,0
txn_0099,168ec8ea-3226-4a50-b463-bde5c2001e52,2025-04-11 00:34:29,757.53,USD,electronics,0
txn_0100,5e58c2f2-9679-4f47-806d-255f5f240bb0,2025-03-28 21:11:44,474.81,JPY,clothing,0
txn_0101,f1c6ce60-3d97-4bc1-99d9-0e0fe040ea99,2025-04-03 18:08:10,672.86,JPY,services,0
txn_0102,09a8efa4-4cd3-4407-89a0-1995b541d1a0,2025-04-01 15:05:57,841.8,GBP,services,0
txn_0103,7dbb3b2f-f22a-4339-bf16-7763afaaa659,2025-04-11 18:54:57,151.34,USD,home,0
txn_0104,bc2ab415-6097-475a-9376-c2d83e536f0b,2025-03-28 23:05:46,440.27,JPY,home,0
txn_0105,e8c1c6b0-c18c-4e0c-9d78-125910ba251a,2025-03-27 18:15:42,182.84,JPY,home,0
txn_0106,581db429-eae0-401b-b9ad-c3590d379008,2025-03-26 19:38:19,401.51,GBP,electronics,0
txn_0107,8e56f62c-0003-46c4-b2e8-ba88794b94f5,2025-03-16 17:22:58,86.73,GBP,clothing,0
txn_0108,d0104828-6e63-40f5-a494-92377b6b6a9f,2025-03-16 14:13:06,788.84,JPY,home,0
txn_0109,6d681870-23be-4de4-869a-723a422f52fd,2025-03-18 07:44:58,547.67,JPY,food,0
txn_0110,7e132216-5bb9-49db-b8bc-ad5587413457,2025-04-06 09:42:19,493.14,JPY,food,0
txn_0111,3ff1c715-7073-4d47-a78d-dc4584df4a44,2025-04-07 03:46:54,710.53,EUR,electronics,0
txn_0112,2c7d402e-71de-49a7-9fd6-7d72e260da97,2025-03-26 00:42:08,818.78,USD,electronics,0
txn_0113,c1817f64-5de5-470b-a73a-2b56cb10ad64,2025-04-05 20:07:55,930.29,USD,food,1
txn_0114,47937ab1-6274-483b-860e-fffcf8d805ba,2025-04-05 01:37:15,934.08,EUR,electronics,0
txn_0115,f98678b1-779f-4445-8a4a-6b57bbeabf0a,2025-03-21 09:24:42,813.14,GBP,clothing,0
txn_0116,f584571b-b005-4fbd-a64b-f83b987e5975,2025-04-05 14:24:19,947.62,JPY,services,0
txn_0117,b0a5df63-0330-409a-8581-0e1c100857b7,2025-04-04 09:10:55,652.56,EUR,electronics,0
txn_0118,648b2592-96ba-44a8-81dd-befab8266439,2025-04-09 00:25:15,831.78,GBP,services,0
txn_0119,449f2d5d-c63a-413a-ba68-9446bec37727,2025-04-11 17:18:23,119.71,GBP,services,0
txn_0120,25a7f241-8539-4f93-b907-c327bce32be8,2025-03-22 21:44:37,690.14,EUR,electronics,0
txn_0121,449f2d5d-c63a-413a-ba68-9446bec37727,2025-03-19 16:58:25,720.11,EUR,food,0
txn_0122,bbc02506-18e9-44bb-a05f-37bd783d9789,2025-03-14 18:32:18,648.62,JPY,food,0
txn_0123,f99a682c-11a3-41e8-8529-47a0ea302516,2025-03-19 01:02:34,61.41,RUB,food,0
txn_0124,ac8244b2-0417-4ba7-8ba7-22c518fa0875,2025-03-15 00:24:51,546.02,GBP,electronics,0
txn_0125,56c26193-cf9e-48f0-b203-b48728eeaab1,2025-03-26 15:59:46,87.71,RUB,electronics,0
txn_0126,bc2ab415-6097-475a-9376-c2d83e536f0b,2025-03-25 03:19:30,910.38,JPY,services,0
txn_0127,f1c6ce60-3d97-4bc1-99d9-0e0fe040ea99,2025-03-17 06:57:33,335.81,RUB,food,0
txn_0128,f99a682c-11a3-41e8-8529-47a0ea302516,2025-03-20 21:47:00,979.73,JPY,food,0
txn_0129,2830daa7-002c-4528-a777-51ae37cd0570,2025-04-10 17:44:38,266.63,RUB,food,0
txn_0130,bc2ab415-6097-475a-9376-c2d83e536f0b,2025-03-16 03:52:41,237.98,RUB,home,0
txn_0131,8e56f62c-0003-46c4-b2e8-ba88794b94f5,2025-03-29 06:19:08,186.23,EUR,clothing,0
txn_0132,1903d23d-9d74-4f96-bc1b-0e670380d32d,2025-03-31 18:16:38,631.63,JPY,food,0
txn_0133,168ec8ea-3226-4a50-b463-bde5c2001e52,2025-03-19 18:02:18,883.55,RUB,services,0
txn_0134,09a8efa4-4cd3-4407-89a0-1995b541d1a0,2025-03-31 07:58:04,463.58,JPY,home,0
txn_0135,f99a3c5e-1a78-45d7-8786-8a51fc899fdd,2025-04-04 17:35:12,969.36,USD,clothing,0
txn_0136,e8c1c6b0-c18c-4e0c-9d78-125910ba251a,2025-03-25 05:28:01,425.74,EUR,electronics,0
txn_0137,0292f3b6-5a2f-4d35-97a4-375fd162bd8c,2025-03-29 19:12:23,223.32,EUR,food,0
txn_0138,5fe14149-66c4-463e-a57d-9c170faa3281,2025-04-09 05:49:32,89.81,USD,food,0
txn_0139,0292f3b6-5a2f-4d35-97a4-375fd162bd8c,2025-03-21 14:04:23,721.36,USD,electronics,0
txn_0140,d0104828-6e63-40f5-a494-92377b6b6a9f,2025-03-22 20:11:47,235.1,GBP,services,0
txn_0141,2c7d402e-71de-49a7-9fd6-7d72e260da97,2025-04-10 09:27:27,369.39,USD,home,0
txn_0142,2c7d402e-71de-49a7-9fd6-7d72e260da97,2025-03-24 08:46:14,813.34,USD,electronics,0
txn_0143,47937ab1-6274-483b-860e-fffcf8d805ba,2025-04-08 01:20:52,96.31,RUB,home,0
txn_0144,f5b83a35-9843-457f-a393-df64bf30a057,2025-04-04 16:44:44,82.01,EUR,services,0
txn_0145,0f2c4bb9-9255-4bad-8935-7fb669dd767b,2025-03-18 09:25:07,422.04,EUR,services,0
txn_0146,ac8244b2-0417-4ba7-8ba7-22c518fa0875,2025-03-16 22:54:03,844.82,JPY,electronics,0
txn_0147,2c7d402e-71de-49a7-9fd6-7d72e260da97,2025-04-01 07:31:54,967.84,JPY,food,0
txn_0148,684ccb89-eac7-4f65-b1af-a22bb5221466,2025-04-07 22:09:03,453.84,EUR,home,0
txn_0149,7dbb3b2f-f22a-4339-bf16-7763afaaa659,2025-04-11 17:22:08,315.57,JPY,services,0
txn_0150,f99a682c-11a3-41e8-8529-47a0ea302516,2025-03-27 13:23:24,40.72,RUB,electronics,0
txn_0151,b7278574-2ee7-419c-ae43-7e0ff3113356,2025-03-24 16:23:42,831.75,RUB,home,0
txn_0152,9b15ee91-8d72-4991-a5aa-b52cf6730101,2025-03-21 03:31:11,950.52,USD,food,0
txn_0153,06d94842-b8a8-4f9f-a35e-ddbfd1ce4265,2025-03-17 16:28:41,544.15,USD,clothing,0
txn_0154,8e56f62c-0003-46c4-b2e8-ba88794b94f5,2025-04-04 20:33:58,731.98,RUB,electronics,0
txn_0155,ea427ed6-cd5d-46cc-b61f-974444b21bb5,2025-04-10 10:31:31,745.44,USD,food,0
txn_0156,6d681870-23be-4de4-869a-723a422f52fd,2025-03-23 16:41:50,828.75,RUB,food,0
txn_0157,bc2ab415-6097-475a-9376-c2d83e536f0b,2025-03-26 21:57:35,344.35,JPY,home,0
txn_0158,84480f22-1ec6-4566-9059-f9b7a45fb4b6,2025-03-23 16:37:27,835.12,RUB,services,0
txn_0159,b7278574-2ee7-419c-ae43-7e0ff3113356,2025-04-11 09:07:08,111.09,USD,clothing,0
txn_0160,8b1e4485-c4c3-4ad6-9386-16c9f5016a87,2025-03-23 15:31:04,148.69,JPY,food,0
txn_0161,684ccb89-eac7-4f65-b1af-a22bb5221466,2025-03-22 18:00:51,36.19,USD,electronics,0
txn_0162,f99a682c-11a3-41e8-8529-47a0ea302516,2025-04-03 08:56:43,784.73,GBP,clothing,0
txn_0163,049977fb-7a31-4a64-922d-d6259ee8a6a4,2025-03-30 07:23:17,276.03,EUR,home,0
txn_0164,f99a682c-11a3-41e8-8529-47a0ea302516,2025-03-22 21:23:05,15.33,EUR,clothing,0
txn_0165,d0104828-6e63-40f5-a494-92377b6b6a9f,2025-04-03 09:23:11,995.09,EUR,home,1
txn_0166,f98678b1-779f-4445-8a4a-6b57bbeabf0a,2025-04-08 01:38:04,818.69,JPY,clothing,0
txn_0167,7dbb3b2f-f22a-4339-bf16-7763afaaa659,2025-04-07 15:47:40,845.47,RUB,home,0
txn_0168,bc2ab415-6097-475a-9376-c2d83e536f0b,2025-03-29 18:04:10,543.63,JPY,home,0
txn_0169,f5b83a35-9843-457f-a393-df64bf30a057,2025-03-20 05:42:44,872.38,RUB,home,0
txn_0170,7e132216-5bb9-49db-b8bc-ad5587413457,2025-03-30 11:28:49,955.83,USD,electronics,0
txn_0171,bc2ab415-6097-475a-9376-c2d83e536f0b,2025-03-24 23:31:05,887.81,RUB,electronics,0
txn_0172,09a8efa4-4cd3-4407-89a0-1995b541d1a0,2025-03-24 14:19:51,907.7,EUR,clothing,0
txn_0173,7e132216-5bb9-49db-b8bc-ad5587413457,2025-03-24 08:52:50,769.33,GBP,clothing,0
txn_0174,5e58c2f2-9679-4f47-806d-255f5f240bb0,2025-04-08 06:32:35,796.58,EUR,clothing,0
txn_0175,06d94842-b8a8-4f9f-a35e-ddbfd1ce4265,2025-03-26 11:45:13,3.24,GBP,services,0
txn_0176,7e3c3e5e-a143-4207-a860-ca0e5b73e0d0,2025-04-04 15:23:12,407.19,RUB,services,0
txn_0177,f98678b1-779f-4445-8a4a-6b57bbeabf0a,2025-03-20 08:07:30,718.91,USD,electronics,0
txn_0178,f584571b-b005-4fbd-a64b-f83b987e5975,2025-03-27 06:07:13,739.36,EUR,electronics,0
txn_0179,7e3c3e5e-a143-4207-a860-ca0e5b73e0d0,2025-04-03 17:56:31,597.79,USD,food,0
txn_0180,049977fb-7a31-4a64-922d-d6259ee8a6a4,2025-03-24 00:29:49,249.13,GBP,food,0
txn_0181,5e58c2f2-9679-4f47-806d-255f5f240bb0,2025-04-10 10:55:51,638.0,JPY,electronics,0
txn_0182,8b1e4485-c4c3-4ad6-9386-16c9f5016a87,2025-04-09 00:27:46,811.53,RUB,food,0
txn_0183,3ff1c715-7073-4d47-a78d-dc4584df4a44,2025-03-28 06:23:54,194.96,RUB,services,0
txn_0184,84480f22-1ec6-4566-9059-f9b7a45fb4b6,2025-03-15 22:37:13,629.86,EUR,clothing,0
txn_0185,ac8244b2-0417-4ba7-8ba7-22c518fa0875,2025-04-10 16:31:27,691.83,JPY,food,0
txn_0186,449f2d5d-c63a-413a-ba68-9446bec37727,2025-03-23 07:15:01,306.7,GBP,food,0
txn_0187,9b15ee91-8d72-4991-a5aa-b52cf6730101,2025-03-16 18:01:45,534.88,EUR,electronics,0
txn_0188,f99a682c-11a3-41e8-8529-47a0ea302516,2025-03-20 18:25:59,861.98,GBP,home,0
txn_0189,f98678b1-779f-4445-8a4a-6b57bbeabf0a,2025-04-05 14:47:03,872.06,JPY,clothing,0
txn_0190,f98678b1-779f-4445-8a4a-6b57bbeabf0a,2025-04-03 08:44:33,191.61,GBP,electronics,0
txn_0191,5fe14149-66c4-463e-a57d-9c170faa3281,2025-03-27 09:58:01,136.96,RUB,electronics,0
txn_0192,3ff1c715-7073-4d47-a78d-dc4584df4a44,2025-03-30 23:38:17,192.56,GBP,home,0
txn_0193,581db429-eae0-401b-b9ad-c3590d379008,2025-03-15 06:35:25,880.06,RUB,clothing,0
txn_0194,52d39ae6-44ce-4610-b214-57dce05da562,2025-03-21 01:37:03,518.57,EUR,home,0
txn_0195,7e3c3e5e-a143-4207-a860-ca0e5b73e0d0,2025-04-11 04:48:22,277.84,EUR,food,0
txn_0196,5e58c2f2-9679-4f47-806d-255f5f240bb0,2025-03-29 19:16:51,802.84,JPY,food,0
txn_0197,6e025f27-840d-48cf-ba66-ff1fb080ab83,2025-03-20 20:30:36,193.69,USD,clothing,0
txn_0198,7dbb3b2f-f22a-4339-bf16-7763afaaa659,2025-03-23 08:08:06,945.27,EUR,electronics,0
txn_0199,56c26193-cf9e-48f0-b203-b48728eeaab1,2025-03-31 15:15:23,521.0,USD,services,0
txn_0200,684ccb89-eac7-4f65-b1af-a22bb5221466,2025-03-23 00:00:08,602.64,GBP,food,0
txn_0201,ac8244b2-0417-4ba7-8ba7-22c518fa0875,2025-03-17 00:51:36,967.0,USD,home,0
txn_0202,f1c6ce60-3d97-4bc1-99d9-0e0fe040ea99,2025-03-17 13:20:52,629.01,USD,services,0
txn_0203,648b2592-96ba-44a8-81dd-befab8266439,2025-03-18 18:47:30,798.28,JPY,services,0
txn_0204,7e132216-5bb9-49db-b8bc-ad5587413457,2025-03-21 05:52:38,175.5,EUR,clothing,0
txn_0205,ac8244b2-0417-4ba7-8ba7-22c518fa0875,2025-03-17 07:28:35,333.48,GBP,electronics,0
txn_0206,d0104828-6e63-40f5-a494-92377b6b6a9f,2025-04-01 21:31:39,157.64,USD,home,0
txn_0207,2830daa7-002c-4528-a777-51ae37cd0570,2025-04-05 20:33:04,713.58,RUB,services,0
txn_0208,8e56f62c-0003-46c4-b2e8-ba88794b94f5,2025-04-11 10:39:43,13.37,GBP,home,0
txn_0209,8e56f62c-0003-46c4-b2e8-ba88794b94f5,2025-03-16 14:32:37,208.3,RUB,clothing,0
txn_0210,684ccb89-eac7-4f65-b1af-a22bb5221466,2025-04-09 04:45:25,275.19,USD,services,0
txn_0211,09a8efa4-4cd3-4407-89a0-1995b541d1a0,2025-03-27 17:25:12,178.11,RUB,services,0
txn_0212,449f2d5d-c63a-413a-ba68-9446bec37727,2025-04-08 23:19:49,603.24,USD,food,0
txn_0213,d0104828-6e63-40f5-a494-92377b6b6a9f,2025-03-26 23:19:09,808.18,GBP,home,0
txn_0214,5fe14149-66c4-463e-a57d-9c170faa3281,2025-03-21 18:22:26,467.32,JPY,electronics,0
txn_0215,2c7d402e-71de-49a7-9fd6-7d72e260da97,2025-04-05 04:54:29,874.98,GBP,clothing,0
txn_0216,e8c1c6b0-c18c-4e0c-9d78-125910ba251a,2025-03-27 21:18:24,761.92,RUB,food,1
txn_0217,e46c1325-ad36-4303-a9bc-8e8a315548bb,2025-03-16 04:12:10,541.58,JPY,electronics,0
txn_0218,b7278574-2ee7-419c-ae43-7e0ff3113356,2025-04-08 02:36:19,79.79,USD,clothing,0
txn_0219,06d94842-b8a8-4f9f-a35e-ddbfd1ce4265,2025-04-03 00:31:47,485.35,JPY,electronics,1
txn_0220,1903d23d-9d74-4f96-bc1b-0e670380d32d,2025-04-06 19:25:13,978.62,JPY,home,0
txn_0221,0f3ecd8d-396a-4f1e-9040-025e6ce187fe,2025-03-23 04:23:05,869.87,USD,home,0
txn_0222,f5b83a35-9843-457f-a393-df64bf30a057,2025-03-21 17:56:33,469.22,USD,clothing,0
txn_0223,2c7d402e-71de-49a7-9fd6-7d72e260da97,2025-03-19 13:13:15,582.59,USD,electronics,1
txn_0224,f99a682c-11a3-41e8-8529-47a0ea302516,2025-04-04 20:48:52,796.68,RUB,electronics,0
txn_0225,648b2592-96ba-44a8-81dd-befab8266439,2025-04-01 22:08:41,856.78,EUR,electronics,0
txn_0226,b0a5df63-0330-409a-8581-0e1c100857b7,2025-04-11 11:06:50,43.55,RUB,services,0
txn_0227,581db429-eae0-401b-b9ad-c3590d379008,2025-03-31 15:51:34,884.99,EUR,services,0
txn_0228,52d39ae6-44ce-4610-b214-57dce05da562,2025-04-08 10:01:00,951.92,RUB,home,0
txn_0229,6d681870-23be-4de4-869a-723a422f52fd,2025-03-25 17:38:12,436.12,GBP,clothing,0
txn_0230,f99a3c5e-1a78-45d7-8786-8a51fc899fdd,2025-04-08 14:33:41,630.93,RUB,services,0
txn_0231,c1817f64-5de5-470b-a73a-2b56cb10ad64,2025-03-29 10:51:59,267.26,USD,services,0
txn_0232,6d681870-23be-4de4-869a-723a422f52fd,2025-04-10 13:10:53,837.89,USD,home,0
txn_0233,fd5da385-2985-4024-b60a-e52f0e82e6f8,2025-04-04 08:10:05,578.39,USD,services,0
txn_0234,f584571b-b005-4fbd-a64b-f83b987e5975,2025-04-08 02:14:33,733.54,EUR,services,0
txn_0235,47937ab1-6274-483b-860e-fffcf8d805ba,2025-04-05 14:35:18,65.42,EUR,home,0
txn_0236,0f3ecd8d-396a-4f1e-9040-025e6ce187fe,2025-03-27 14:35:45,667.67,EUR,services,0
txn_0237,581db429-eae0-401b-b9ad-c3590d379008,2025-03-25 07:10:12,633.26,JPY,services,0
txn_0238,7e132216-5bb9-49db-b8bc-ad5587413457,2025-03-23 16:21:33,341.42,GBP,services,0
txn_0239,6d681870-23be-4de4-869a-723a422f52fd,2025-04-01 01:05:52,859.44,USD,food,0
txn_0240,ea427ed6-cd5d-46cc-b61f-974444b21bb5,2025-04-03 00:21:43,398.4,EUR,clothing,0
txn_0241,7dbb3b2f-f22a-4339-bf16-7763afaaa659,2025-03-17 03:08:20,822.83,EUR,food,0
txn_0242,ea427ed6-cd5d-46cc-b61f-974444b21bb5,2025-03-18 20:27:24,485.45,USD,clothing,0
txn_0243,9b15ee91-8d72-4991-a5aa-b52cf6730101,2025-03-27 00:14:17,392.67,JPY,services,0
txn_0244,2830daa7-002c-4528-a777-51ae37cd0570,2025-03-24 22:31:21,682.99,RUB,home,0
txn_0245,9b15ee91-8d72-4991-a5aa-b52cf6730101,2025-03-30 23:53:33,735.72,EUR,clothing,0
txn_0246,0f2c4bb9-9255-4bad-8935-7fb669dd767b,2025-03-20 11:46:57,734.97,USD,food,1
txn_0247,f99a3c5e-1a78-45d7-8786-8a51fc899fdd,2025-03-15 04:24:35,133.97,EUR,clothing,0
txn_0248,bbc02506-18e9-44bb-a05f-37bd783d9789,2025-04-07 09:32:13,909.92,GBP,clothing,1
txn_0249,9e2c6eb4-9154-4ef8-8119-83869e10b0c2,2025-03-20 19:45:25,96.43,USD,clothing,0
txn_0250,06d94842-b8a8-4f9f-a35e-ddbfd1ce4265,2025-04-05 20:01:55,832.25,EUR,food,0
txn_0251,1903d23d-9d74-4f96-bc1b-0e670380d32d,2025-04-05 03:39:55,811.23,JPY,food,0
txn_0252,bbc02506-18e9-44bb-a05f-37bd783d9789,2025-03-26 14:34:47,880.78,USD,electronics,0
txn_0253,b7278574-2ee7-419c-ae43-7e0ff3113356,2025-04-08 17:54:52,587.66,RUB,clothing,0
txn_0254,fd5da385-2985-4024-b60a-e52f0e82e6f8,2025-04-01 09:03:35,217.04,JPY,clothing,0
txn_0255,c1817f64-5de5-470b-a73a-2b56cb10ad64,2025-04-09 11:06:14,620.53,USD,food,1
txn_0256,f584571b-b005-4fbd-a64b-f83b987e5975,2025-03-26 05:53:06,654.46,EUR,clothing,0
txn_0257,1903d23d-9d74-4f96-bc1b-0e670380d32d,2025-03-28 08:02:37,324.57,USD,home,0
txn_0258,5fe14149-66c4-463e-a57d-9c170faa3281,2025-03-24 17:59:31,797.31,JPY,food,0
txn_0259,7e3c3e5e-a143-4207-a860-ca0e5b73e0d0,2025-03-25 02:21:07,967.4,USD,clothing,0
txn_0260,f99a682c-11a3-41e8-8529-47a0ea302516,2025-03-26 01:13:29,353.63,JPY,services,0
txn_0261,f925b328-51fa-43ac-9c9f-b1beea0cbfea,2025-03-21 15:19:33,136.24,RUB,clothing,0
txn_0262,5fe14149-66c4-463e-a57d-9c170faa3281,2025-03-16 19:21:27,652.54,RUB,home,0
txn_0263,f584571b-b005-4fbd-a64b-f83b987e5975,2025-03-17 12:04:45,128.83,GBP,clothing,0
txn_0264,25a7f241-8539-4f93-b907-c327bce32be8,2025-04-03 06:54:26,796.17,USD,clothing,0
txn_0265,168ec8ea-3226-4a50-b463-bde5c2001e52,2025-03-15 10:07:12,883.88,EUR,services,0
txn_0266,168ec8ea-3226-4a50-b463-bde5c2001e52,2025-04-09 14:24:00,347.95,EUR,services,0
txn_0267,6e025f27-840d-48cf-ba66-ff1fb080ab83,2025-03-28 04:37:49,150.82,USD,home,0
txn_0268,7e3c3e5e-a143-4207-a860-ca0e5b73e0d0,2025-03-27 00:05:34,73.89,EUR,clothing,0
txn_0269,2830daa7-002c-4528-a777-51ae37cd0570,2025-04-08 23:44:17,349.52,GBP,home,0
txn_0270,8b1e4485-c4c3-4ad6-9386-16c9f5016a87,2025-03-16 21:50:52,476.27,USD,services,0
txn_0271,f98678b1-779f-4445-8a4a-6b57bbeabf0a,2025-03-29 07:50:43,236.94,EUR,clothing,0
txn_0272,2c7d402e-71de-49a7-9fd6-7d72e260da97,2025-04-11 18:14:01,538.4,USD,services,0
txn_0273,6d681870-23be-4de4-869a-723a422f52fd,2025-03-24 19:37:02,277.16,JPY,clothing,0
txn_0274,b7278574-2ee7-419c-ae43-7e0ff3113356,2025-03-17 16:19:39,769.21,USD,food,0
txn_0275,84480f22-1ec6-4566-9059-f9b7a45fb4b6,2025-03-27 07:19:46,955.81,GBP,food,0
txn_0276,0292f3b6-5a2f-4d35-97a4-375fd162bd8c,2025-03-21 14:31:35,304.43,EUR,electronics,0
txn_0277,d0104828-6e63-40f5-a494-92377b6b6a9f,2025-03-14 23:34:43,770.21,JPY,services,0
txn_0278,f99a3c5e-1a78-45d7-8786-8a51fc899fdd,2025-04-07 05:18:46,695.89,USD,food,0
txn_0279,9e2c6eb4-9154-4ef8-8119-83869e10b0c2,2025-04-03 18:28:20,746.76,USD,electronics,0
txn_0280,6d681870-23be-4de4-869a-723a422f52fd,2025-04-09 18:51:51,517.63,RUB,electronics,0
txn_0281,0f2c4bb9-9255-4bad-8935-7fb669dd767b,2025-04-06 19:47:32,484.09,EUR,clothing,0
txn_0282,648b2592-96ba-44a8-81dd-befab8266439,2025-03-27 14:56:58,770.41,GBP,services,0
txn_0283,6e025f27-840d-48cf-ba66-ff1fb080ab83,2025-03-16 17:53:43,81.32,USD,services,0
txn_0284,ea427ed6-cd5d-46cc-b61f-974444b21bb5,2025-03-29 04:05:35,997.18,USD,clothing,0
txn_0285,b0a5df63-0330-409a-8581-0e1c100857b7,2025-03-22 03:10:21,351.39,JPY,food,1
txn_0286,ea427ed6-cd5d-46cc-b61f-974444b21bb5,2025-03-24 21:05:53,799.99,USD,services,0
txn_0287,3ff1c715-7073-4d47-a78d-dc4584df4a44,2025-03-22 23:56:42,531.58,GBP,services,0
txn_0288,fd5da385-2985-4024-b60a-e52f0e82e6f8,2025-04-08 02:59:48,808.52,USD,services,0
txn_0289,b0a5df63-0330-409a-8581-0e1c100857b7,2025-04-12 23:15:36,326.64,GBP,electronics,0
txn_0290,ac8244b2-0417-4ba7-8ba7-22c518fa0875,2025-03-29 01:52:21,841.25,RUB,home,0
txn_0291,5fe14149-66c4-463e-a57d-9c170faa3281,2025-03-20 11:34:23,182.13,USD,electronics,0
txn_0292,f1c6ce60-3d97-4bc1-99d9-0e0fe040ea99,2025-03-28 03:46:15,583.33,RUB,services,0
txn_0293,3ff1c715-7073-4d47-a78d-dc4584df4a44,2025-03-15 13:13:11,563.87,EUR,food,0
txn_0294,ac8244b2-0417-4ba7-8ba7-22c518fa0875,2025-04-10 22:54:23,866.16,JPY,electronics,1
txn_0295,5e58c2f2-9679-4f47-806d-255f5f240bb0,2025-03-26 01:19:02,109.34,GBP,electronics,0
txn_0296,e8c1c6b0-c18c-4e0c-9d78-125910ba251a,2025-04-10 15:05:11,918.96,RUB,electronics,0
txn_0297,7e132216-5bb9-49db-b8bc-ad5587413457,2025-03-29 13:01:08,432.54,USD,electronics,0
txn_0298,e46c1325-ad36-4303-a9bc-8e8a315548bb,2025-03-24 05:39:37,641.48,GBP,food,0
txn_0299,d0104828-6e63-40f5-a494-92377b6b6a9f,2025-03-31 11:51:31,959.93,GBP,clothing,0
txn_0300,d0104828-6e63-40f5-a494-92377b6b6a9f,2025-04-03 20:16:05,85.78,USD,services,0
txn_0301,049977fb-7a31-4a64-922d-d6259ee8a6a4,2025-03-20 23:46:53,685.85,RUB,food,0
txn_0302,ebe711f9-ad48-43c6-a7ce-fb743bb4ab62,2025-03-18 03:14:32,429.98,RUB,electronics,0
txn_0303,d0104828-6e63-40f5-a494-92377b6b6a9f,2025-03-19 00:32:25,949.56,GBP,services,0
txn_0304,fd5da385-2985-4024-b60a-e52f0e82e6f8,2025-03-19 10:39:04,225.82,USD,clothing,0
txn_0305,09a8efa4-4cd3-4407-89a0-1995b541d1a0,2025-03-28 17:30:56,886.33,EUR,home,0
txn_0306,c1817f64-5de5-470b-a73a-2b56cb10ad64,2025-04-06 22:42:31,251.34,EUR,clothing,0
txn_0307,d0104828-6e63-40f5-a494-92377b6b6a9f,2025-03-28 03:14:11,125.87,RUB,electronics,0
txn_0308,fd5da385-2985-4024-b60a-e52f0e82e6f8,2025-04-06 21:03:41,40.2,GBP,clothing,0
txn_0309,06d94842-b8a8-4f9f-a35e-ddbfd1ce4265,2025-03-19 17:37:56,116.24,GBP,electronics,0
txn_0310,581db429-eae0-401b-b9ad-c3590d379008,2025-03-23 01:24:08,306.74,GBP,services,0
txn_0311,0f2c4bb9-9255-4bad-8935-7fb669dd767b,2025-04-01 22:31:39,570.77,RUB,electronics,0
txn_0312,ebe711f9-ad48-43c6-a7ce-fb743bb4ab62,2025-04-10 18:22:55,787.17,EUR,clothing,0
txn_0313,fd5da385-2985-4024-b60a-e52f0e82e6f8,2025-03-16 19:25:20,349.74,RUB,clothing,1
txn_0314,e46c1325-ad36-4303-a9bc-8e8a315548bb,2025-04-06 14:52:56,781.08,EUR,home,0
txn_0315,684ccb89-eac7-4f65-b1af-a22bb5221466,2025-03-28 02:47:17,38.33,EUR,clothing,0
txn_0316,f99a3c5e-1a78-45d7-8786-8a51fc899fdd,2025-03-29 00:20:04,925.45,RUB,food,0
txn_0317,7e3c3e5e-a143-4207-a860-ca0e5b73e0d0,2025-03-15 23:59:17,595.3,EUR,clothing,0
txn_0318,f99a682c-11a3-41e8-8529-47a0ea302516,2025-04-08 02:10:03,427.52,GBP,services,0
txn_0319,648b2592-96ba-44a8-81dd-befab8266439,2025-04-09 16:05:40,263.48,EUR,services,0
txn_0320,5e58c2f2-9679-4f47-806d-255f5f240bb0,2025-03-23 21:22:02,178.62,RUB,clothing,0
txn_0321,0f2c4bb9-9255-4bad-8935-7fb669dd767b,2025-03-23 07:40:59,464.49,EUR,home,0
txn_0322,8e56f62c-0003-46c4-b2e8-ba88794b94f5,2025-03-16 00:17:19,890.24,USD,electronics,0
txn_0323,bc2ab415-6097-475a-9376-c2d83e536f0b,2025-03-24 14:33:03,817.37,USD,food,0
txn_0324,449f2d5d-c63a-413a-ba68-9446bec37727,2025-03-31 02:50:27,738.49,RUB,home,0
txn_0325,f99a682c-11a3-41e8-8529-47a0ea302516,2025-03-27 03:43:52,127.85,EUR,clothing,0
txn_0326,684ccb89-eac7-4f65-b1af-a22bb5221466,2025-03-29 16:17:44,281.6,JPY,clothing,0
txn_0327,b0a5df63-0330-409a-8581-0e1c100857b7,2025-04-05 15:14:12,546.94,RUB,clothing,0
txn_0328,449f2d5d-c63a-413a-ba68-9446bec37727,2025-03-19 05:55:36,331.75,RUB,electronics,0
txn_0329,f5b83a35-9843-457f-a393-df64bf30a057,2025-03-19 01:20:47,727.3,GBP,home,0
txn_0330,bbc02506-18e9-44bb-a05f-37bd783d9789,2025-03-27 19:35:40,199.02,USD,services,0
txn_0331,168ec8ea-3226-4a50-b463-bde5c2001e52,2025-03-23 21:58:03,785.2,EUR,clothing,0
txn_0332,06d94842-b8a8-4f9f-a35e-ddbfd1ce4265,2025-03-23 20:56:16,903.66,EUR,home,0
txn_0333,7dbb3b2f-f22a-4339-bf16-7763afaaa659,2025-03-15 20:28:00,153.4,RUB,electronics,0
txn_0334,bc2ab415-6097-475a-9376-c2d83e536f0b,2025-04-02 21:01:40,507.59,GBP,electronics,0
txn_0335,e46c1325-ad36-4303-a9bc-8e8a315548bb,2025-03-28 13:21:45,990.34,JPY,electronics,0
txn_0336,56c26193-cf9e-48f0-b203-b48728eeaab1,2025-04-08 02:37:39,600.35,GBP,food,0
txn_0337,2830daa7-002c-4528-a777-51ae37cd0570,2025-03-31 08:01:52,289.33,JPY,services,0
txn_0338,47937ab1-6274-483b-860e-fffcf8d805ba,2025-04-02 07:36:17,883.96,EUR,home,0
txn_0339,f5b83a35-9843-457f-a393-df64bf30a057,2025-03-25 17:21:05,260.42,JPY,electronics,0
txn_0340,e8c1c6b0-c18c-4e0c-9d78-125910ba251a,2025-03-19 09:42:44,744.13,RUB,electronics,0
txn_0341,7dbb3b2f-f22a-4339-bf16-7763afaaa659,2025-03-29 00:04:04,75.61,JPY,food,0
txn_0342,0f2c4bb9-9255-4bad-8935-7fb669dd767b,2025-04-07 06:01:34,200.62,RUB,home,0
txn_0343,6d681870-23be-4de4-869a-723a422f52fd,2025-03-29 15:29:41,27.59,JPY,home,0
txn_0344,b7278574-2ee7-419c-ae43-7e0ff3113356,2025-04-06 22:43:36,99.81,RUB,electronics,0
txn_0345,c1817f64-5de5-470b-a73a-2b56cb10ad64,2025-03-29 05:32:03,716.93,USD,home,0
txn_0346,b0a5df63-0330-409a-8581-0e1c100857b7,2025-04-04 01:52:21,698.09,RUB,services,0
txn_0347,56c26193-cf9e-48f0-b203-b48728eeaab1,2025-04-09 07:34:29,91.16,EUR,clothing,0
txn_0348,2830daa7-002c-4528-a777-51ae37cd0570,2025-03-30 12:24:55,646.07,RUB,clothing,0
txn_0349,2830daa7-002c-4528-a777-51ae37cd0570,2025-04-03 20:54:21,626.16,EUR,food,0
txn_0350,2830daa7-002c-4528-a777-51ae37cd0570,2025-04-02 18:57:37,228.88,RUB,food,0
txn_0351,168ec8ea-3226-4a50-b463-bde5c2001e52,2025-03-25 08:26:25,744.82,USD,home,0
txn_0352,f99a682c-11a3-41e8-8529-47a0ea302516,2025-04-12 16:16:05,343.04,USD,home,0
txn_0353,09a8efa4-4cd3-4407-89a0-1995b541d1a0,2025-03-28 03:38:55,977.94,GBP,home,0
txn_0354,168ec8ea-3226-4a50-b463-bde5c2001e52,2025-04-09 09:51:51,811.08,JPY,clothing,0
txn_0355,7e3c3e5e-a143-4207-a860-ca0e5b73e0d0,2025-03-25 23:16:15,892.44,USD,services,0
txn_0356,8b1e4485-c4c3-4ad6-9386-16c9f5016a87,2025-03-19 13:45:52,343.79,RUB,electronics,0
txn_0357,25a7f241-8539-4f93-b907-c327bce32be8,2025-03-23 07:16:07,247.04,USD,home,0
txn_0358,6d681870-23be-4de4-869a-723a422f52fd,2025-03-26 15:18:15,214.88,JPY,services,0
txn_0359,bbc02506-18e9-44bb-a05f-37bd783d9789,2025-04-06 10:05:33,151.38,RUB,services,0
txn_0360,c1817f64-5de5-470b-a73a-2b56cb10ad64,2025-04-03 06:28:40,506.54,GBP,home,0
txn_0361,7e3c3e5e-a143-4207-a860-ca0e5b73e0d0,2025-04-12 11:16:27,876.77,RUB,home,0
txn_0362,0292f3b6-5a2f-4d35-97a4-375fd162bd8c,2025-03-18 16:26:13,883.24,JPY,clothing,0
txn_0363,ac8244b2-0417-4ba7-8ba7-22c518fa0875,2025-04-09 04:39:26,138.75,USD,food,0
txn_0364,25a7f241-8539-4f93-b907-c327bce32be8,2025-03-24 23:29:14,648.62,RUB,food,0
txn_0365,f98678b1-779f-4445-8a4a-6b57bbeabf0a,2025-04-05 05:09:37,65.91,GBP,food,0
txn_0366,f584571b-b005-4fbd-a64b-f83b987e5975,2025-03-26 15:24:54,712.73,GBP,services,0
txn_0367,b0a5df63-0330-409a-8581-0e1c100857b7,2025-03-17 15:21:51,41.9,EUR,services,0
txn_0368,f925b328-51fa-43ac-9c9f-b1beea0cbfea,2025-03-27 02:51:41,94.87,GBP,services,0
txn_0369,168ec8ea-3226-4a50-b463-bde5c2001e52,2025-03-25 13:42:30,379.14,EUR,clothing,0
txn_0370,ac8244b2-0417-4ba7-8ba7-22c518fa0875,2025-03-15 16:36:40,516.02,JPY,electronics,0
txn_0371,7e3c3e5e-a143-4207-a860-ca0e5b73e0d0,2025-04-13 14:15:47,597.55,RUB,food,0
txn_0372,c1817f64-5de5-470b-a73a-2b56cb10ad64,2025-04-02 21:50:02,957.08,JPY,food,0
txn_0373,bbc02506-18e9-44bb-a05f-37bd783d9789,2025-04-03 19:20:54,473.8,GBP,home,1
txn_0374,1903d23d-9d74-4f96-bc1b-0e670380d32d,2025-04-04 05:23:38,440.86,JPY,food,0
txn_0375,8b1e4485-c4c3-4ad6-9386-16c9f5016a87,2025-04-11 13:22:24,105.5,USD,services,1
txn_0376,648b2592-96ba-44a8-81dd-befab8266439,2025-03-17 12:40:45,630.71,JPY,clothing,0
txn_0377,581db429-eae0-401b-b9ad-c3590d379008,2025-04-02 23:58:34,138.79,EUR,electronics,0
txn_0378,f99a3c5e-1a78-45d7-8786-8a51fc899fdd,2025-03-16 20:33:24,168.01,RUB,electronics,0
txn_0379,f584571b-b005-4fbd-a64b-f83b987e5975,2025-04-12 15:51:28,858.62,EUR,clothing,0
txn_0380,f99a682c-11a3-41e8-8529-47a0ea302516,2025-03-26 03:34:06,225.66,RUB,food,0
txn_0381,f99a3c5e-1a78-45d7-8786-8a51fc899fdd,2025-03-29 19:15:21,757.66,JPY,home,0
txn_0382,ebe711f9-ad48-43c6-a7ce-fb743bb4ab62,2025-04-08 01:31:55,136.92,EUR,electronics,1
txn_0383,84480f22-1ec6-4566-9059-f9b7a45fb4b6,2025-03-28 09:48:40,611.61,RUB,food,0
txn_0384,8b1e4485-c4c3-4ad6-9386-16c9f5016a87,2025-03-31 03:22:18,22.31,USD,electronics,0
txn_0385,3ff1c715-7073-4d47-a78d-dc4584df4a44,2025-03-27 11:54:16,502.26,RUB,food,0
txn_0386,0292f3b6-5a2f-4d35-97a4-375fd162bd8c,2025-03-27 18:52:54,435.87,EUR,home,0
txn_0387,bc2ab415-6097-475a-9376-c2d83e536f0b,2025-03-27 19:24:46,621.64,JPY,clothing,1
txn_0388,f5b83a35-9843-457f-a393-df64bf30a057,2025-04-02 11:36:14,820.47,EUR,clothing,0
txn_0389,f99a3c5e-1a78-45d7-8786-8a51fc899fdd,2025-03-20 21:40:37,452.1,JPY,clothing,0
txn_0390,0f3ecd8d-396a-4f1e-9040-025e6ce187fe,2025-03-15 08:09:49,365.57,RUB,clothing,0
txn_0391,fd5da385-2985-4024-b60a-e52f0e82e6f8,2025-04-04 02:54:02,208.0,JPY,services,0
txn_0392,9b15ee91-8d72-4991-a5aa-b52cf6730101,2025-04-04 02:32:54,760.0,JPY,home,0
txn_0393,ebe711f9-ad48-43c6-a7ce-fb743bb4ab62,2025-04-06 01:26:22,893.37,JPY,clothing,0
txn_0394,8b1e4485-c4c3-4ad6-9386-16c9f5016a87,2025-03-16 12:29:31,786.46,GBP,home,0
txn_0395,bbc02506-18e9-44bb-a05f-37bd783d9789,2025-03-20 23:46:18,352.51,RUB,clothing,0
txn_0396,56c26193-cf9e-48f0-b203-b48728eeaab1,2025-03-24 02:57:48,882.84,USD,clothing,0
txn_0397,84480f22-1ec6-4566-9059-f9b7a45fb4b6,2025-04-12 07:38:19,239.87,EUR,clothing,0
txn_0398,6d681870-23be-4de4-869a-723a422f52fd,2025-04-13 03:14:18,850.38,USD,services,0
txn_0399,d0104828-6e63-40f5-a494-92377b6b6a9f,2025-04-11 01:53:52,132.3,RUB,electronics,0
txn_0400,bbc02506-18e9-44bb-a05f-37bd783d9789,2025-03-24 20:02:36,13.95,JPY,home,0
txn_0401,581db429-eae0-401b-b9ad-c3590d379008,2025-04-11 03:17:49,97.03,USD,services,0
txn_0402,47937ab1-6274-483b-860e-fffcf8d805ba,2025-03-17 16:29:14,631.5,GBP,services,0
txn_0403,bbc02506-18e9-44bb-a05f-37bd783d9789,2025-03-29 13:29:04,286.15,RUB,clothing,0
txn_0404,8b1e4485-c4c3-4ad6-9386-16c9f5016a87,2025-03-25 01:45:45,534.29,RUB,home,0
txn_0405,f925b328-51fa-43ac-9c9f-b1beea0cbfea,2025-03-21 00:48:50,926.03,RUB,services,1
txn_0406,f584571b-b005-4fbd-a64b-f83b987e5975,2025-04-02 22:36:51,279.26,EUR,food,0
txn_0407,b0a5df63-0330-409a-8581-0e1c100857b7,2025-03-26 23:51:16,208.42,GBP,food,0
txn_0408,9e2c6eb4-9154-4ef8-8119-83869e10b0c2,2025-03-30 21:24:28,376.35,USD,services,0
txn_0409,25a7f241-8539-4f93-b907-c327bce32be8,2025-04-08 02:49:27,14.36,EUR,services,0
txn_0410,5fe14149-66c4-463e-a57d-9c170faa3281,2025-04-02 14:49:50,616.3,EUR,home,0
txn_0411,52d39ae6-44ce-4610-b214-57dce05da562,2025-04-11 05:38:51,94.95,USD,services,0
txn_0412,ebe711f9-ad48-43c6-a7ce-fb743bb4ab62,2025-03-24 03:01:05,866.77,RUB,food,0
txn_0413,581db429-eae0-401b-b9ad-c3590d379008,2025-03-24 13:51:53,660.88,RUB,clothing,0
txn_0414,84480f22-1ec6-4566-9059-f9b7a45fb4b6,2025-03-20 21:34:15,152.79,USD,electronics,0
txn_0415,7dbb3b2f-f22a-4339-bf16-7763afaaa659,2025-03-28 14:29:42,88.42,USD,home,0
txn_0416,52d39ae6-44ce-4610-b214-57dce05da562,2025-03-29 23:02:57,820.28,EUR,clothing,0
txn_0417,f1c6ce60-3d97-4bc1-99d9-0e0fe040ea99,2025-04-10 23:29:50,119.18,GBP,home,0
txn_0418,bc2ab415-6097-475a-9376-c2d83e536f0b,2025-03-26 16:59:57,315.55,RUB,home,0
txn_0419,7e3c3e5e-a143-4207-a860-ca0e5b73e0d0,2025-04-04 02:00:07,445.42,JPY,services,0
txn_0420,f98678b1-779f-4445-8a4a-6b57bbeabf0a,2025-04-12 08:05:23,662.3,GBP,electronics,0
txn_0421,b7278574-2ee7-419c-ae43-7e0ff3113356,2025-04-12 08:29:55,232.15,USD,services,0
txn_0422,5fe14149-66c4-463e-a57d-9c170faa3281,2025-03-31 08:58:52,376.84,EUR,home,0
txn_0423,f99a682c-11a3-41e8-8529-47a0ea302516,2025-03-16 03:27:30,80.0,EUR,electronics,0
txn_0424,168ec8ea-3226-4a50-b463-bde5c2001e52,2025-04-09 20:29:37,947.04,JPY,clothing,0
txn_0425,049977fb-7a31-4a64-922d-d6259ee8a6a4,2025-03-15 20:21:59,935.63,JPY,services,0
txn_0426,8b1e4485-c4c3-4ad6-9386-16c9f5016a87,2025-03-25 19:07:07,844.18,RUB,clothing,1
txn_0427,449f2d5d-c63a-413a-ba68-9446bec37727,2025-03-16 02:52:54,325.67,USD,home,0
txn_0428,2c7d402e-71de-49a7-9fd6-7d72e260da97,2025-03-31 12:12:40,161.69,EUR,food,0
txn_0429,9e2c6eb4-9154-4ef8-8119-83869e10b0c2,2025-04-07 02:55:22,388.86,EUR,electronics,0
txn_0430,fd5da385-2985-4024-b60a-e52f0e82e6f8,2025-03-16 13:31:08,166.34,JPY,food,0
txn_0431,b7278574-2ee7-419c-ae43-7e0ff3113356,2025-03-15 18:02:38,32.32,GBP,electronics,0
txn_0432,5e58c2f2-9679-4f47-806d-255f5f240bb0,2025-03-14 17:32:03,181.12,EUR,food,0
txn_0433,684ccb89-eac7-4f65-b1af-a22bb5221466,2025-03-21 20:50:12,307.86,EUR,services,0
txn_0434,9e2c6eb4-9154-4ef8-8119-83869e10b0c2,2025-04-12 03:43:57,106.78,RUB,food,0
txn_0435,3ff1c715-7073-4d47-a78d-dc4584df4a44,2025-03-31 01:25:50,706.67,GBP,clothing,0
txn_0436,47937ab1-6274-483b-860e-fffcf8d805ba,2025-03-20 02:19:36,200.39,EUR,home,0
txn_0437,56c26193-cf9e-48f0-b203-b48728eeaab1,2025-03-19 22:37:18,703.76,GBP,electronics,0
txn_0438,3ff1c715-7073-4d47-a78d-dc4584df4a44,2025-03-27 09:59:56,809.86,EUR,food,0
txn_0439,84480f22-1ec6-4566-9059-f9b7a45fb4b6,2025-03-23 03:58:20,459.53,RUB,clothing,0
txn_0440,fd5da385-2985-4024-b60a-e52f0e82e6f8,2025-04-09 06:42:48,151.73,RUB,services,0
txn_0441,2830daa7-002c-4528-a777-51ae37cd0570,2025-03-30 05:04:00,908.2,RUB,food,0
txn_0442,449f2d5d-c63a-413a-ba68-9446bec37727,2025-04-10 16:37:20,68.93,USD,electronics,0
txn_0443,bc2ab415-6097-475a-9376-c2d83e536f0b,2025-04-03 14:13:53,520.22,GBP,home,0
txn_0444,25a7f241-8539-4f93-b907-c327bce32be8,2025-04-05 10:40:00,556.2,RUB,clothing,0
txn_0445,84480f22-1ec6-4566-9059-f9b7a45fb4b6,2025-04-12 20:07:45,822.2,USD,electronics,0
txn_0446,3ff1c715-7073-4d47-a78d-dc4584df4a44,2025-03-27 09:21:57,615.47,USD,electronics,0
txn_0447,6e025f27-840d-48cf-ba66-ff1fb080ab83,2025-03-17 14:50:54,41.35,GBP,home,0
txn_0448,581db429-eae0-401b-b9ad-c3590d379008,2025-04-11 19:49:53,91.61,GBP,home,0
txn_0449,9e2c6eb4-9154-4ef8-8119-83869e10b0c2,2025-04-05 07:44:02,161.29,JPY,clothing,0
txn_0450,449f2d5d-c63a-413a-ba68-9446bec37727,2025-03-15 14:26:50,424.47,GBP,home,0
txn_0451,5e58c2f2-9679-4f47-806d-255f5f240bb0,2025-04-07 15:27:59,775.56,GBP,services,0
txn_0452,3ff1c715-7073-4d47-a78d-dc4584df4a44,2025-03-24 11:03:51,689.2,USD,home,0
txn_0453,f99a682c-11a3-41e8-8529-47a0ea302516,2025-04-05 23:26:15,397.64,RUB,home,0
txn_0454,8b1e4485-c4c3-4ad6-9386-16c9f5016a87,2025-03-14 22:10:35,65.47,USD,home,0
txn_0455,fd5da385-2985-4024-b60a-e52f0e82e6f8,2025-04-08 19:00:25,935.68,EUR,clothing,0
txn_0456,bbc02506-18e9-44bb-a05f-37bd783d9789,2025-03-16 07:15:32,398.2,RUB,electronics,0
txn_0457,09a8efa4-4cd3-4407-89a0-1995b541d1a0,2025-04-08 11:09:20,231.82,EUR,services,0
txn_0458,e8c1c6b0-c18c-4e0c-9d78-125910ba251a,2025-04-02 03:08:11,695.82,USD,clothing,0
txn_0459,ebe711f9-ad48-43c6-a7ce-fb743bb4ab62,2025-03-16 04:19:11,910.35,USD,home,0
txn_0460,3ff1c715-7073-4d47-a78d-dc4584df4a44,2025-03-14 23:07:07,964.25,USD,electronics,0
txn_0461,1903d23d-9d74-4f96-bc1b-0e670380d32d,2025-03-28 00:32:51,964.78,GBP,services,0
txn_0462,b0a5df63-0330-409a-8581-0e1c100857b7,2025-03-26 10:52:24,969.7,RUB,clothing,0
txn_0463,7dbb3b2f-f22a-4339-bf16-7763afaaa659,2025-03-20 02:25:01,32.72,JPY,food,0
txn_0464,0292f3b6-5a2f-4d35-97a4-375fd162bd8c,2025-04-13 04:47:30,948.39,EUR,electronics,0
txn_0465,ea427ed6-cd5d-46cc-b61f-974444b21bb5,2025-03-16 03:10:10,821.9,RUB,electronics,0
txn_0466,84480f22-1ec6-4566-9059-f9b7a45fb4b6,2025-03-25 03:48:20,834.74,USD,clothing,0
txn_0467,2c7d402e-71de-49a7-9fd6-7d72e260da97,2025-04-09 15:37:18,819.6,RUB,food,0
txn_0468,0f2c4bb9-9255-4bad-8935-7fb669dd767b,2025-04-06 11:34:29,294.13,EUR,electronics,0
txn_0469,47937ab1-6274-483b-860e-fffcf8d805ba,2025-03-18 11:25:11,160.76,JPY,food,0
txn_0470,e8c1c6b0-c18c-4e0c-9d78-125910ba251a,2025-04-05 06:53:44,823.46,GBP,home,0
txn_0471,0292f3b6-5a2f-4d35-97a4-375fd162bd8c,2025-04-01 14:55:28,732.74,GBP,electronics,0
txn_0472,fd5da385-2985-4024-b60a-e52f0e82e6f8,2025-03-26 00:03:20,749.21,EUR,clothing,0
txn_0473,7dbb3b2f-f22a-4339-bf16-7763afaaa659,2025-04-08 03:52:20,801.41,RUB,clothing,0
txn_0474,7e3c3e5e-a143-4207-a860-ca0e5b73e0d0,2025-04-01 09:36:11,694.88,JPY,food,0
txn_0475,9b15ee91-8d72-4991-a5aa-b52cf6730101,2025-03-22 14:24:11,545.08,GBP,services,0
txn_0476,ac8244b2-0417-4ba7-8ba7-22c518fa0875,2025-04-07 03:24:13,913.28,USD,services,0
txn_0477,f99a3c5e-1a78-45d7-8786-8a51fc899fdd,2025-03-30 22:45:02,699.73,JPY,home,0
txn_0478,52d39ae6-44ce-4610-b214-57dce05da562,2025-03-17 13:12:12,360.63,JPY,food,0
txn_0479,fd5da385-2985-4024-b60a-e52f0e82e6f8,2025-04-01 14:00:21,215.2,GBP,electronics,0
txn_0480,5e58c2f2-9679-4f47-806d-255f5f240bb0,2025-03-30 07:06:38,978.23,RUB,food,0
txn_0481,fd5da385-2985-4024-b60a-e52f0e82e6f8,2025-03-17 01:01:53,947.05,RUB,electronics,0
txn_0482,bbc02506-18e9-44bb-a05f-37bd783d9789,2025-04-03 11:55:03,264.07,EUR,food,1
txn_0483,9b15ee91-8d72-4991-a5aa-b52cf6730101,2025-04-07 05:23:21,224.13,EUR,services,0
txn_0484,8b1e4485-c4c3-4ad6-9386-16c9f5016a87,2025-04-03 00:06:47,746.5,EUR,home,0
txn_0485,8e56f62c-0003-46c4-b2e8-ba88794b94f5,2025-04-07 19:38:36,254.97,RUB,clothing,0
txn_0486,09a8efa4-4cd3-4407-89a0-1995b541d1a0,2025-04-02 07:48:03,652.71,EUR,electronics,0
txn_0487,e8c1c6b0-c18c-4e0c-9d78-125910ba251a,2025-04-04 11:44:25,661.03,GBP,electronics,0
txn_0488,7e3c3e5e-a143-4207-a860-ca0e5b73e0d0,2025-03-21 00:24:04,569.43,GBP,clothing,0
txn_0489,d0104828-6e63-40f5-a494-92377b6b6a9f,2025-03-20 09:48:42,953.1,GBP,clothing,0
txn_0490,bc2ab415-6097-475a-9376-c2d83e536f0b,2025-04-07 20:50:03,539.51,JPY,food,0
txn_0491,9b15ee91-8d72-4991-a5aa-b52cf6730101,2025-03-28 09:58:51,149.26,RUB,home,0
txn_0492,2c7d402e-71de-49a7-9fd6-7d72e260da97,2025-03-19 19:01:52,111.13,RUB,clothing,0
txn_0493,f1c6ce60-3d97-4bc1-99d9-0e0fe040ea99,2025-04-10 00:30:40,966.27,EUR,services,0
txn_0494,5e58c2f2-9679-4f47-806d-255f5f240bb0,2025-03-23 06:40:09,831.64,EUR,services,0
txn_0495,b7278574-2ee7-419c-ae43-7e0ff3113356,2025-03-27 12:27:34,872.55,EUR,services,0
txn_0496,b0a5df63-0330-409a-8581-0e1c100857b7,2025-03-26 02:21:14,4.83,EUR,food,1
txn_0497,2c7d402e-71de-49a7-9fd6-7d72e260da97,2025-03-24 10:19:42,322.23,JPY,clothing,1
txn_0498,7dbb3b2f-f22a-4339-bf16-7763afaaa659,2025-03-21 00:48:28,835.53,USD,electronics,0
txn_0499,bc2ab415-6097-475a-9376-c2d83e536f0b,2025-03-17 07:56:00,28.72,EUR,home,0
txn_0500,c1817f64-5de5-470b-a73a-2b56cb10ad64,2025-04-13 12:11:15,309.02,GBP,clothing,1
txn_0501,049977fb-7a31-4a64-922d-d6259ee8a6a4,2025-03-20 05:22:27,187.74,GBP,food,0
txn_0502,2c7d402e-71de-49a7-9fd6-7d72e260da97,2025-03-25 20:21:37,730.94,EUR,food,1
txn_0503,7dbb3b2f-f22a-4339-bf16-7763afaaa659,2025-03-27 08:41:10,896.33,EUR,home,0
txn_0504,2c7d402e-71de-49a7-9fd6-7d72e260da97,2025-03-23 16:20:02,879.19,USD,food,0
txn_0505,09a8efa4-4cd3-4407-89a0-1995b541d1a0,2025-03-24 21:36:47,786.4,GBP,food,0
txn_0506,7dbb3b2f-f22a-4339-bf16-7763afaaa659,2025-04-10 19:02:10,100.63,GBP,clothing,0
txn_0507,684ccb89-eac7-4f65-b1af-a22bb5221466,2025-03-29 15:20:23,699.36,JPY,electronics,0
txn_0508,5fe14149-66c4-463e-a57d-9c170faa3281,2025-03-24 10:36:04,108.78,EUR,electronics,0
txn_0509,f584571b-b005-4fbd-a64b-f83b987e5975,2025-03-30 12:17:54,852.38,RUB,services,0
txn_0510,1903d23d-9d74-4f96-bc1b-0e670380d32d,2025-04-04 22:35:47,100.49,JPY,electronics,0
txn_0511,bc2ab415-6097-475a-9376-c2d83e536f0b,2025-03-19 18:27:40,266.25,GBP,food,0
txn_0512,25a7f241-8539-4f93-b907-c327bce32be8,2025-04-13 02:50:55,125.48,RUB,electronics,0
txn_0513,25a7f241-8539-4f93-b907-c327bce32be8,2025-04-03 12:22:41,220.35,USD,food,0
txn_0514,f98678b1-779f-4445-8a4a-6b57bbeabf0a,2025-04-06 16:05:24,251.33,JPY,services,0
txn_0515,f99a682c-11a3-41e8-8529-47a0ea302516,2025-03-28 21:09:36,729.9,GBP,clothing,0
txn_0516,648b2592-96ba-44a8-81dd-befab8266439,2025-03-19 07:04:08,588.52,USD,electronics,0
txn_0517,06d94842-b8a8-4f9f-a35e-ddbfd1ce4265,2025-03-20 12:38:50,741.85,JPY,home,0
txn_0518,52d39ae6-44ce-4610-b214-57dce05da562,2025-04-02 07:15:14,840.52,JPY,electronics,0
txn_0519,56c26193-cf9e-48f0-b203-b48728eeaab1,2025-03-28 22:30:22,51.96,USD,clothing,0
txn_0520,684ccb89-eac7-4f65-b1af-a22bb5221466,2025-03-28 19:35:04,682.22,RUB,clothing,0
txn_0521,1903d23d-9d74-4f96-bc1b-0e670380d32d,2025-03-25 05:33:52,28.01,USD,clothing,0
txn_0522,648b2592-96ba-44a8-81dd-befab8266439,2025-03-23 05:06:25,645.74,GBP,electronics,0
txn_0523,049977fb-7a31-4a64-922d-d6259ee8a6a4,2025-03-30 17:57:58,918.52,JPY,electronics,1
txn_0524,9e2c6eb4-9154-4ef8-8119-83869e10b0c2,2025-03-28 13:23:14,645.07,RUB,services,0
txn_0525,09a8efa4-4cd3-4407-89a0-1995b541d1a0,2025-03-16 14:02:51,926.65,USD,home,1
txn_0526,684ccb89-eac7-4f65-b1af-a22bb5221466,2025-03-27 19:33:14,69.57,RUB,services,0
txn_0527,b7278574-2ee7-419c-ae43-7e0ff3113356,2025-04-03 11:10:24,439.74,RUB,electronics,0
txn_0528,06d94842-b8a8-4f9f-a35e-ddbfd1ce4265,2025-03-24 17:25:29,200.88,USD,clothing,0
txn_0529,c1817f64-5de5-470b-a73a-2b56cb10ad64,2025-03-30 12:01:17,638.28,EUR,services,0
txn_0530,8b1e4485-c4c3-4ad6-9386-16c9f5016a87,2025-04-10 08:16:52,199.24,JPY,clothing,0
txn_0531,f98678b1-779f-4445-8a4a-6b57bbeabf0a,2025-04-05 01:24:25,252.64,GBP,clothing,0
txn_0532,5fe14149-66c4-463e-a57d-9c170faa3281,2025-03-30 22:03:43,106.52,USD,electronics,0
txn_0533,b0a5df63-0330-409a-8581-0e1c100857b7,2025-04-10 20:10:56,102.44,USD,clothing,0
txn_0534,0f2c4bb9-9255-4bad-8935-7fb669dd767b,2025-03-23 04:25:48,655.08,RUB,electronics,0
txn_0535,049977fb-7a31-4a64-922d-d6259ee8a6a4,2025-04-10 13:16:16,640.97,JPY,services,0
txn_0536,ac8244b2-0417-4ba7-8ba7-22c518fa0875,2025-03-14 16:43:03,997.44,RUB,services,0
txn_0537,2830daa7-002c-4528-a777-51ae37cd0570,2025-03-28 21:10:51,852.55,JPY,clothing,0
txn_0538,b7278574-2ee7-419c-ae43-7e0ff3113356,2025-03-25 00:26:00,786.82,GBP,services,0
txn_0539,84480f22-1ec6-4566-9059-f9b7a45fb4b6,2025-04-08 17:51:43,578.64,EUR,electronics,1
txn_0540,684ccb89-eac7-4f65-b1af-a22bb5221466,2025-03-20 09:16:07,140.51,JPY,services,0
txn_0541,3ff1c715-7073-4d47-a78d-dc4584df4a44,2025-03-22 19:38:51,920.92,JPY,home,0
txn_0542,ac8244b2-0417-4ba7-8ba7-22c518fa0875,2025-03-25 11:12:50,495.06,EUR,clothing,0
txn_0543,6e025f27-840d-48cf-ba66-ff1fb080ab83,2025-03-16 06:00:00,743.88,GBP,clothing,0
txn_0544,b7278574-2ee7-419c-ae43-7e0ff3113356,2025-04-09 02:08:59,727.7,USD,food,0
txn_0545,8b1e4485-c4c3-4ad6-9386-16c9f5016a87,2025-04-01 08:20:58,511.46,GBP,clothing,0
txn_0546,5e58c2f2-9679-4f47-806d-255f5f240bb0,2025-04-05 05:58:31,76.46,JPY,home,0
txn_0547,5e58c2f2-9679-4f47-806d-255f5f240bb0,2025-03-20 01:22:26,35.03,JPY,services,0
txn_0548,3ff1c715-7073-4d47-a78d-dc4584df4a44,2025-04-05 06:21:27,317.59,EUR,clothing,0
txn_0549,bbc02506-18e9-44bb-a05f-37bd783d9789,2025-03-26 11:04:08,708.56,RUB,food,0
txn_0550,581db429-eae0-401b-b9ad-c3590d379008,2025-03-30 12:45:40,429.64,USD,electronics,0
txn_0551,09a8efa4-4cd3-4407-89a0-1995b541d1a0,2025-03-29 10:42:12,953.1,USD,services,0
txn_0552,bc2ab415-6097-475a-9376-c2d83e536f0b,2025-03-26 15:39:10,46.56,GBP,services,0
txn_0553,7dbb3b2f-f22a-4339-bf16-7763afaaa659,2025-04-06 14:30:37,35.21,GBP,home,0
txn_0554,e8c1c6b0-c18c-4e0c-9d78-125910ba251a,2025-03-22 06:11:55,192.91,EUR,clothing,0
txn_0555,ea427ed6-cd5d-46cc-b61f-974444b21bb5,2025-03-25 18:31:59,353.2,RUB,home,0
txn_0556,5fe14149-66c4-463e-a57d-9c170faa3281,2025-03-16 06:30:06,189.1,RUB,electronics,0
txn_0557,f5b83a35-9843-457f-a393-df64bf30a057,2025-03-16 13:31:24,301.69,EUR,food,0
txn_0558,449f2d5d-c63a-413a-ba68-9446bec37727,2025-03-30 21:17:02,414.09,EUR,home,0
txn_0559,2830daa7-002c-4528-a777-51ae37cd0570,2025-04-09 11:07:04,559.38,EUR,clothing,0
txn_0560,d0104828-6e63-40f5-a494-92377b6b6a9f,2025-04-12 00:21:20,724.85,GBP,food,0
txn_0561,9b15ee91-8d72-4991-a5aa-b52cf6730101,2025-04-03 08:45:51,698.81,GBP,services,0
txn_0562,47937ab1-6274-483b-860e-fffcf8d805ba,2025-03-24 12:58:41,724.61,USD,clothing,0
txn_0563,f925b328-51fa-43ac-9c9f-b1beea0cbfea,2025-03-27 19:03:56,246.51,EUR,services,1
txn_0564,f1c6ce60-3d97-4bc1-99d9-0e0fe040ea99,2025-03-22 21:36:22,838.77,EUR,home,0
txn_0565,ebe711f9-ad48-43c6-a7ce-fb743bb4ab62,2025-04-01 04:26:08,693.58,JPY,services,0
txn_0566,f98678b1-779f-4445-8a4a-6b57bbeabf0a,2025-03-25 08:08:33,476.01,USD,electronics,1
txn_0567,25a7f241-8539-4f93-b907-c327bce32be8,2025-04-10 10:18:35,989.56,RUB,clothing,0
txn_0568,f99a682c-11a3-41e8-8529-47a0ea302516,2025-04-05 21:07:46,629.14,JPY,services,0
txn_0569,0f2c4bb9-9255-4bad-8935-7fb669dd767b,2025-04-03 02:58:45,676.75,GBP,clothing,0
txn_0570,0292f3b6-5a2f-4d35-97a4-375fd162bd8c,2025-03-31 03:02:00,603.92,EUR,clothing,0
txn_0571,0f3ecd8d-396a-4f1e-9040-025e6ce187fe,2025-03-29 08:07:11,468.18,JPY,home,0
txn_0572,0f3ecd8d-396a-4f1e-9040-025e6ce187fe,2025-03-16 13:32:38,38.94,EUR,services,0
txn_0573,168ec8ea-3226-4a50-b463-bde5c2001e52,2025-04-13 13:18:23,524.56,GBP,clothing,0
txn_0574,d0104828-6e63-40f5-a494-92377b6b6a9f,2025-03-31 23:29:38,953.23,EUR,clothing,0
txn_0575,06d94842-b8a8-4f9f-a35e-ddbfd1ce4265,2025-04-07 19:16:51,779.53,JPY,food,0
txn_0576,d0104828-6e63-40f5-a494-92377b6b6a9f,2025-04-12 13:18:55,82.97,EUR,food,0
txn_0577,b0a5df63-0330-409a-8581-0e1c100857b7,2025-04-07 14:49:21,94.95,JPY,food,0
txn_0578,7e3c3e5e-a143-4207-a860-ca0e5b73e0d0,2025-03-18 13:39:53,47.76,EUR,services,0
txn_0579,7e132216-5bb9-49db-b8bc-ad5587413457,2025-04-09 21:53:22,766.81,RUB,food,1
txn_0580,bc2ab415-6097-475a-9376-c2d83e536f0b,2025-03-25 18:15:15,619.78,JPY,electronics,0
txn_0581,e46c1325-ad36-4303-a9bc-8e8a315548bb,2025-03-27 14:49:00,322.83,EUR,services,0
txn_0582,7e3c3e5e-a143-4207-a860-ca0e5b73e0d0,2025-03-23 10:05:29,696.77,EUR,clothing,0
txn_0583,8e56f62c-0003-46c4-b2e8-ba88794b94f5,2025-03-26 07:20:04,188.78,RUB,home,0
txn_0584,9e2c6eb4-9154-4ef8-8119-83869e10b0c2,2025-04-04 05:06:55,917.45,GBP,clothing,0
txn_0585,bc2ab415-6097-475a-9376-c2d83e536f0b,2025-03-23 04:49:58,283.98,EUR,food,0
txn_0586,6e025f27-840d-48cf-ba66-ff1fb080ab83,2025-04-07 08:24:48,669.84,JPY,clothing,0
txn_0587,3ff1c715-7073-4d47-a78d-dc4584df4a44,2025-04-10 07:51:58,12.56,EUR,clothing,0
txn_0588,52d39ae6-44ce-4610-b214-57dce05da562,2025-03-31 11:06:11,971.21,JPY,home,0
txn_0589,56c26193-cf9e-48f0-b203-b48728eeaab1,2025-03-16 22:01:08,893.69,USD,food,0
txn_0590,f584571b-b005-4fbd-a64b-f83b987e5975,2025-04-05 18:55:01,306.0,JPY,services,0
txn_0591,06d94842-b8a8-4f9f-a35e-ddbfd1ce4265,2025-04-05 22:45:47,610.89,USD,home,0
txn_0592,648b2592-96ba-44a8-81dd-befab8266439,2025-03-27 23:07:02,20.9,EUR,services,0
txn_0593,8e56f62c-0003-46c4-b2e8-ba88794b94f5,2025-04-11 03:12:51,500.25,USD,food,0
txn_0594,56c26193-cf9e-48f0-b203-b48728eeaab1,2025-04-06 22:46:49,615.6,JPY,home,0
txn_0595,e46c1325-ad36-4303-a9bc-8e8a315548bb,2025-03-22 21:48:54,867.08,EUR,clothing,0
txn_0596,c1817f64-5de5-470b-a73a-2b56cb10ad64,2025-04-04 11:59:31,217.38,RUB,electronics,0
txn_0597,5fe14149-66c4-463e-a57d-9c170faa3281,2025-04-02 16:49:14,452.11,JPY,electronics,0
txn_0598,d0104828-6e63-40f5-a494-92377b6b6a9f,2025-04-04 11:55:23,985.0,GBP,services,0
txn_0599,0f2c4bb9-9255-4bad-8935-7fb669dd767b,2025-03-20 11:44:40,915.28,JPY,electronics,0
txn_0600,84480f22-1ec6-4566-9059-f9b7a45fb4b6,2025-04-04 20:12:56,568.83,USD,services,0
txn_0601,1903d23d-9d74-4f96-bc1b-0e670380d32d,2025-03-23 13:23:37,619.96,JPY,electronics,0
txn_0602,ea427ed6-cd5d-46cc-b61f-974444b21bb5,2025-03-30 13:41:40,113.54,GBP,services,0
txn_0603,fd5da385-2985-4024-b60a-e52f0e82e6f8,2025-04-06 18:28:16,222.53,USD,clothing,0
txn_0604,7e3c3e5e-a143-4207-a860-ca0e5b73e0d0,2025-04-12 12:04:38,880.97,GBP,electronics,0
txn_0605,52d39ae6-44ce-4610-b214-57dce05da562,2025-03-21 07:42:56,73.78,GBP,services,0
txn_0606,168ec8ea-3226-4a50-b463-bde5c2001e52,2025-04-09 04:55:06,487.52,JPY,food,0
txn_0607,2830daa7-002c-4528-a777-51ae37cd0570,2025-03-16 13:52:58,365.12,EUR,services,0
txn_0608,2830daa7-002c-4528-a777-51ae37cd0570,2025-03-21 19:43:49,508.7,JPY,services,0
txn_0609,bbc02506-18e9-44bb-a05f-37bd783d9789,2025-04-01 11:07:17,582.74,EUR,services,0
txn_0610,6e025f27-840d-48cf-ba66-ff1fb080ab83,2025-04-04 10:02:48,137.87,EUR,services,0
txn_0611,b0a5df63-0330-409a-8581-0e1c100857b7,2025-03-17 07:01:15,968.26,GBP,electronics,0
txn_0612,ebe711f9-ad48-43c6-a7ce-fb743bb4ab62,2025-03-24 14:00:20,590.19,EUR,home,0
txn_0613,f925b328-51fa-43ac-9c9f-b1beea0cbfea,2025-04-12 17:59:17,135.19,EUR,food,0
txn_0614,1903d23d-9d74-4f96-bc1b-0e670380d32d,2025-04-09 10:56:59,620.77,EUR,food,0
txn_0615,0292f3b6-5a2f-4d35-97a4-375fd162bd8c,2025-04-11 20:10:04,374.32,EUR,electronics,0
txn_0616,f925b328-51fa-43ac-9c9f-b1beea0cbfea,2025-04-06 06:07:06,885.68,RUB,clothing,0
txn_0617,8b1e4485-c4c3-4ad6-9386-16c9f5016a87,2025-03-20 16:32:26,402.39,JPY,home,0
txn_0618,f584571b-b005-4fbd-a64b-f83b987e5975,2025-03-15 21:13:35,380.27,GBP,home,0
txn_0619,f1c6ce60-3d97-4bc1-99d9-0e0fe040ea99,2025-04-03 10:28:09,840.07,RUB,food,0
txn_0620,9e2c6eb4-9154-4ef8-8119-83869e10b0c2,2025-03-24 17:46:55,999.74,RUB,electronics,0
txn_0621,f584571b-b005-4fbd-a64b-f83b987e5975,2025-03-18 10:27:49,271.97,RUB,home,0
txn_0622,3ff1c715-7073-4d47-a78d-dc4584df4a44,2025-04-12 00:46:08,201.04,GBP,services,0
txn_0623,449f2d5d-c63a-413a-ba68-9446bec37727,2025-04-12 01:41:11,891.4,EUR,home,0
txn_0624,449f2d5d-c63a-413a-ba68-9446bec37727,2025-04-13 02:14:31,499.95,GBP,electronics,0
txn_0625,25a7f241-8539-4f93-b907-c327bce32be8,2025-04-06 20:48:47,276.74,RUB,food,0
txn_0626,e46c1325-ad36-4303-a9bc-8e8a315548bb,2025-04-07 06:30:10,743.79,EUR,home,0
txn_0627,6e025f27-840d-48cf-ba66-ff1fb080ab83,2025-03-24 03:29:16,979.97,GBP,clothing,0
txn_0628,3ff1c715-7073-4d47-a78d-dc4584df4a44,2025-03-28 05:28:56,331.56,GBP,food,0
txn_0629,84480f22-1ec6-4566-9059-f9b7a45fb4b6,2025-04-02 13:38:14,367.54,RUB,services,0
txn_0630,47937ab1-6274-483b-860e-fffcf8d805ba,2025-04-07 14:51:43,483.48,EUR,services,0
txn_0631,06d94842-b8a8-4f9f-a35e-ddbfd1ce4265,2025-03-21 05:37:29,842.45,JPY,services,0
txn_0632,3ff1c715-7073-4d47-a78d-dc4584df4a44,2025-04-13 13:21:06,486.08,EUR,clothing,0
txn_0633,f925b328-51fa-43ac-9c9f-b1beea0cbfea,2025-03-25 19:31:19,452.38,EUR,food,0
txn_0634,684ccb89-eac7-4f65-b1af-a22bb5221466,2025-03-15 23:12:40,412.63,GBP,home,0
txn_0635,84480f22-1ec6-4566-9059-f9b7a45fb4b6,2025-03-30 19:49:17,644.22,GBP,electronics,0
txn_0636,f925b328-51fa-43ac-9c9f-b1beea0cbfea,2025-04-02 13:23:36,156.4,RUB,home,0
txn_0637,7e132216-5bb9-49db-b8bc-ad5587413457,2025-03-24 11:00:39,458.44,JPY,home,0
txn_0638,e46c1325-ad36-4303-a9bc-8e8a315548bb,2025-03-19 16:04:05,949.82,GBP,home,0
txn_0639,f98678b1-779f-4445-8a4a-6b57bbeabf0a,2025-04-06 12:40:38,265.96,EUR,electronics,0
txn_0640,e46c1325-ad36-4303-a9bc-8e8a315548bb,2025-03-19 07:16:01,123.44,EUR,electronics,0
txn_0641,47937ab1-6274-483b-860e-fffcf8d805ba,2025-04-05 18:29:50,84.83,JPY,services,0
txn_0642,c1817f64-5de5-470b-a73a-2b56cb10ad64,2025-04-02 05:13:46,279.93,GBP,food,0
txn_0643,f5b83a35-9843-457f-a393-df64bf30a057,2025-03-29 21:46:12,2.52,USD,clothing,0
txn_0644,bbc02506-18e9-44bb-a05f-37bd783d9789,2025-03-20 01:18:22,504.99,EUR,electronics,0
txn_0645,f5b83a35-9843-457f-a393-df64bf30a057,2025-03-26 16:02:39,690.76,USD,electronics,0
txn_0646,6e025f27-840d-48cf-ba66-ff1fb080ab83,2025-03-16 08:38:32,316.09,USD,home,0
txn_0647,25a7f241-8539-4f93-b907-c327bce32be8,2025-04-08 09:01:03,3.68,USD,food,0
txn_0648,e46c1325-ad36-4303-a9bc-8e8a315548bb,2025-04-01 09:47:01,82.79,USD,clothing,0
txn_0649,449f2d5d-c63a-413a-ba68-9446bec37727,2025-03-22 19:00:46,780.97,USD,home,0
txn_0650,684ccb89-eac7-4f65-b1af-a22bb5221466,2025-04-12 05:32:08,848.64,USD,clothing,0
txn_0651,5e58c2f2-9679-4f47-806d-255f5f240bb0,2025-03-17 03:17:48,213.61,EUR,home,0
txn_0652,5fe14149-66c4-463e-a57d-9c170faa3281,2025-03-28 14:31:06,274.46,JPY,food,0
txn_0653,f98678b1-779f-4445-8a4a-6b57bbeabf0a,2025-03-17 05:51:00,177.12,GBP,clothing,0
txn_0654,9b15ee91-8d72-4991-a5aa-b52cf6730101,2025-04-03 22:59:48,355.52,JPY,services,0
txn_0655,ebe711f9-ad48-43c6-a7ce-fb743bb4ab62,2025-04-10 15:38:40,157.74,USD,food,0
txn_0656,049977fb-7a31-4a64-922d-d6259ee8a6a4,2025-04-01 07:09:07,284.11,EUR,clothing,0
txn_0657,6d681870-23be-4de4-869a-723a422f52fd,2025-03-25 15:33:35,606.76,GBP,home,0
txn_0658,25a7f241-8539-4f93-b907-c327bce32be8,2025-04-10 17:25:06,419.86,GBP,services,0
txn_0659,ebe711f9-ad48-43c6-a7ce-fb743bb4ab62,2025-04-06 05:22:46,158.57,GBP,clothing,0
txn_0660,f925b328-51fa-43ac-9c9f-b1beea0cbfea,2025-03-26 06:56:33,416.08,RUB,services,0
txn_0661,f99a682c-11a3-41e8-8529-47a0ea302516,2025-03-15 03:20:49,580.51,GBP,services,0
txn_0662,06d94842-b8a8-4f9f-a35e-ddbfd1ce4265,2025-03-16 12:16:31,915.14,GBP,food,0
txn_0663,84480f22-1ec6-4566-9059-f9b7a45fb4b6,2025-04-02 20:52:17,396.08,USD,food,0
txn_0664,5fe14149-66c4-463e-a57d-9c170faa3281,2025-03-26 05:24:04,211.76,RUB,clothing,0
txn_0665,6d681870-23be-4de4-869a-723a422f52fd,2025-04-02 07:36:17,846.5,USD,services,1
txn_0666,f98678b1-779f-4445-8a4a-6b57bbeabf0a,2025-03-26 22:34:56,683.39,USD,home,0
txn_0667,7e132216-5bb9-49db-b8bc-ad5587413457,2025-03-19 14:49:09,974.77,USD,clothing,0
txn_0668,ebe711f9-ad48-43c6-a7ce-fb743bb4ab62,2025-03-29 10:30:13,884.8,GBP,electronics,0
txn_0669,7e132216-5bb9-49db-b8bc-ad5587413457,2025-04-05 06:04:16,804.61,RUB,food,0
txn_0670,2c7d402e-71de-49a7-9fd6-7d72e260da97,2025-03-18 20:34:25,893.22,USD,home,0
txn_0671,f98678b1-779f-4445-8a4a-6b57bbeabf0a,2025-04-09 01:14:34,539.69,GBP,home,0
txn_0672,684ccb89-eac7-4f65-b1af-a22bb5221466,2025-03-25 09:02:13,998.94,JPY,food,0
txn_0673,8e56f62c-0003-46c4-b2e8-ba88794b94f5,2025-03-15 11:17:24,224.65,RUB,clothing,0
txn_0674,84480f22-1ec6-4566-9059-f9b7a45fb4b6,2025-04-10 01:09:05,686.13,RUB,food,0
txn_0675,09a8efa4-4cd3-4407-89a0-1995b541d1a0,2025-03-19 16:11:10,149.86,GBP,clothing,0
txn_0676,2c7d402e-71de-49a7-9fd6-7d72e260da97,2025-03-21 19:28:05,96.74,RUB,electronics,0
txn_0677,648b2592-96ba-44a8-81dd-befab8266439,2025-03-28 03:49:17,225.54,GBP,electronics,0
txn_0678,2830daa7-002c-4528-a777-51ae37cd0570,2025-04-06 23:19:25,354.09,USD,electronics,0
txn_0679,449f2d5d-c63a-413a-ba68-9446bec37727,2025-04-01 17:05:23,207.95,JPY,food,0
txn_0680,fd5da385-2985-4024-b60a-e52f0e82e6f8,2025-03-16 12:29:57,64.98,GBP,clothing,0
txn_0681,7e132216-5bb9-49db-b8bc-ad5587413457,2025-04-11 01:54:08,978.74,GBP,clothing,1
txn_0682,6e025f27-840d-48cf-ba66-ff1fb080ab83,2025-03-19 19:59:41,340.16,RUB,services,0
txn_0683,581db429-eae0-401b-b9ad-c3590d379008,2025-03-18 00:55:34,35.35,GBP,food,0
txn_0684,7e3c3e5e-a143-4207-a860-ca0e5b73e0d0,2025-03-22 19:24:03,721.21,JPY,food,0
txn_0685,7e3c3e5e-a143-4207-a860-ca0e5b73e0d0,2025-04-02 06:34:29,555.86,EUR,electronics,0
txn_0686,bc2ab415-6097-475a-9376-c2d83e536f0b,2025-03-30 07:38:49,834.38,JPY,home,0
txn_0687,bbc02506-18e9-44bb-a05f-37bd783d9789,2025-04-06 08:31:38,410.91,JPY,food,0
txn_0688,2c7d402e-71de-49a7-9fd6-7d72e260da97,2025-04-09 14:10:17,634.01,RUB,home,0
txn_0689,3ff1c715-7073-4d47-a78d-dc4584df4a44,2025-03-15 01:32:25,487.06,JPY,electronics,0
txn_0690,9e2c6eb4-9154-4ef8-8119-83869e10b0c2,2025-04-12 19:26:45,378.05,GBP,services,0
txn_0691,581db429-eae0-401b-b9ad-c3590d379008,2025-04-08 02:31:48,155.74,GBP,clothing,0
txn_0692,8b1e4485-c4c3-4ad6-9386-16c9f5016a87,2025-03-16 01:16:18,116.46,EUR,home,0
txn_0693,0f2c4bb9-9255-4bad-8935-7fb669dd767b,2025-04-01 13:20:44,408.1,GBP,electronics,0
txn_0694,84480f22-1ec6-4566-9059-f9b7a45fb4b6,2025-03-18 16:57:05,430.83,RUB,food,0
txn_0695,c1817f64-5de5-470b-a73a-2b56cb10ad64,2025-03-20 08:31:01,436.23,GBP,home,0
txn_0696,ebe711f9-ad48-43c6-a7ce-fb743bb4ab62,2025-04-13 01:49:51,636.63,RUB,food,0
txn_0697,9e2c6eb4-9154-4ef8-8119-83869e10b0c2,2025-03-17 04:44:57,857.26,USD,food,0
txn_0698,ea427ed6-cd5d-46cc-b61f-974444b21bb5,2025-03-21 22:08:46,538.17,EUR,food,0
txn_0699,2c7d402e-71de-49a7-9fd6-7d72e260da97,2025-03-18 21:49:19,697.84,EUR,clothing,0
txn_0700,2830daa7-002c-4528-a777-51ae37cd0570,2025-04-06 18:17:25,104.85,GBP,electronics,1
txn_0701,2c7d402e-71de-49a7-9fd6-7d72e260da97,2025-04-05 18:03:07,60.65,GBP,electronics,0
txn_0702,b0a5df63-0330-409a-8581-0e1c100857b7,2025-03-26 08:53:16,280.41,USD,clothing,0
txn_0703,bc2ab415-6097-475a-9376-c2d83e536f0b,2025-03-25 13:16:05,784.48,EUR,clothing,0
txn_0704,7dbb3b2f-f22a-4339-bf16-7763afaaa659,2025-03-23 04:20:43,469.51,JPY,food,0
txn_0705,e46c1325-ad36-4303-a9bc-8e8a315548bb,2025-04-06 10:33:50,473.57,GBP,electronics,0
txn_0706,06d94842-b8a8-4f9f-a35e-ddbfd1ce4265,2025-03-15 13:19:53,443.81,GBP,food,0
txn_0707,648b2592-96ba-44a8-81dd-befab8266439,2025-04-09 09:44:46,526.85,GBP,services,1
txn_0708,5e58c2f2-9679-4f47-806d-255f5f240bb0,2025-04-03 05:40:51,598.43,GBP,food,0
txn_0709,9b15ee91-8d72-4991-a5aa-b52cf6730101,2025-03-26 03:00:07,711.52,RUB,food,0
txn_0710,f1c6ce60-3d97-4bc1-99d9-0e0fe040ea99,2025-03-15 02:36:41,360.54,RUB,electronics,0
txn_0711,7e132216-5bb9-49db-b8bc-ad5587413457,2025-03-24 03:49:37,872.03,EUR,electronics,0
txn_0712,f99a3c5e-1a78-45d7-8786-8a51fc899fdd,2025-03-16 05:41:39,1.96,USD,clothing,0
txn_0713,648b2592-96ba-44a8-81dd-befab8266439,2025-04-11 17:02:25,873.21,USD,electronics,0
txn_0714,f925b328-51fa-43ac-9c9f-b1beea0cbfea,2025-03-22 18:31:50,121.21,EUR,clothing,0
txn_0715,b7278574-2ee7-419c-ae43-7e0ff3113356,2025-04-08 03:46:09,865.67,GBP,home,0
txn_0716,2830daa7-002c-4528-a777-51ae37cd0570,2025-04-03 13:06:37,154.7,JPY,electronics,0
txn_0717,9e2c6eb4-9154-4ef8-8119-83869e10b0c2,2025-04-11 05:24:03,635.83,GBP,electronics,0
txn_0718,9b15ee91-8d72-4991-a5aa-b52cf6730101,2025-04-07 07:33:22,699.31,EUR,food,0
txn_0719,049977fb-7a31-4a64-922d-d6259ee8a6a4,2025-03-25 16:33:10,676.36,EUR,electronics,0
txn_0720,6d681870-23be-4de4-869a-723a422f52fd,2025-04-08 17:54:56,968.11,JPY,clothing,0
txn_0721,2830daa7-002c-4528-a777-51ae37cd0570,2025-03-25 19:06:31,524.87,EUR,clothing,0
txn_0722,049977fb-7a31-4a64-922d-d6259ee8a6a4,2025-03-20 02:51:51,129.98,USD,services,0
txn_0723,47937ab1-6274-483b-860e-fffcf8d805ba,2025-03-25 18:11:57,875.97,EUR,electronics,0
txn_0724,2c7d402e-71de-49a7-9fd6-7d72e260da97,2025-03-22 19:29:30,349.45,EUR,food,0
txn_0725,f99a3c5e-1a78-45d7-8786-8a51fc899fdd,2025-04-04 22:23:40,757.1,GBP,services,0
txn_0726,f98678b1-779f-4445-8a4a-6b57bbeabf0a,2025-04-09 09:43:18,564.23,EUR,clothing,0
txn_0727,2c7d402e-71de-49a7-9fd6-7d72e260da97,2025-03-20 10:50:22,123.41,USD,clothing,1
txn_0728,9e2c6eb4-9154-4ef8-8119-83869e10b0c2,2025-04-03 03:47:30,287.34,EUR,clothing,0
txn_0729,8b1e4485-c4c3-4ad6-9386-16c9f5016a87,2025-04-01 14:58:34,825.14,JPY,food,0
txn_0730,8e56f62c-0003-46c4-b2e8-ba88794b94f5,2025-04-01 13:53:58,196.51,RUB,home,0
txn_0731,2c7d402e-71de-49a7-9fd6-7d72e260da97,2025-03-21 03:36:47,407.33,USD,services,0
txn_0732,648b2592-96ba-44a8-81dd-befab8266439,2025-04-07 17:39:50,702.45,GBP,food,0
txn_0733,581db429-eae0-401b-b9ad-c3590d379008,2025-04-07 14:22:50,826.16,RUB,food,0
txn_0734,d0104828-6e63-40f5-a494-92377b6b6a9f,2025-03-25 06:46:53,747.42,USD,home,0
txn_0735,e8c1c6b0-c18c-4e0c-9d78-125910ba251a,2025-04-09 07:48:04,357.85,RUB,home,0
txn_0736,06d94842-b8a8-4f9f-a35e-ddbfd1ce4265,2025-03-21 06:21:14,79.92,GBP,home,1
txn_0737,e8c1c6b0-c18c-4e0c-9d78-125910ba251a,2025-03-29 03:59:08,1.42,EUR,food,0
txn_0738,2830daa7-002c-4528-a777-51ae37cd0570,2025-04-10 18:15:09,709.14,JPY,clothing,0
txn_0739,0f3ecd8d-396a-4f1e-9040-025e6ce187fe,2025-04-13 10:59:42,192.57,RUB,clothing,0
txn_0740,e46c1325-ad36-4303-a9bc-8e8a315548bb,2025-03-20 01:12:16,674.38,JPY,food,0
txn_0741,b0a5df63-0330-409a-8581-0e1c100857b7,2025-03-27 01:20:37,362.26,USD,services,0
txn_0742,f5b83a35-9843-457f-a393-df64bf30a057,2025-03-31 11:09:31,114.82,GBP,electronics,0
txn_0743,25a7f241-8539-4f93-b907-c327bce32be8,2025-03-20 22:06:57,84.4,EUR,food,0
txn_0744,f1c6ce60-3d97-4bc1-99d9-0e0fe040ea99,2025-03-20 02:38:53,849.82,EUR,clothing,0
txn_0745,d0104828-6e63-40f5-a494-92377b6b6a9f,2025-04-02 17:01:32,115.64,USD,electronics,0
txn_0746,0292f3b6-5a2f-4d35-97a4-375fd162bd8c,2025-03-20 13:37:34,381.78,EUR,clothing,0
txn_0747,09a8efa4-4cd3-4407-89a0-1995b541d1a0,2025-04-10 08:38:12,36.03,RUB,services,0
txn_0748,3ff1c715-7073-4d47-a78d-dc4584df4a44,2025-04-11 05:27:53,235.75,JPY,electronics,0
txn_0749,8e56f62c-0003-46c4-b2e8-ba88794b94f5,2025-03-17 04:02:41,694.38,GBP,food,0
txn_0750,84480f22-1ec6-4566-9059-f9b7a45fb4b6,2025-03-22 15:30:31,278.13,EUR,home,0
txn_0751,f584571b-b005-4fbd-a64b-f83b987e5975,2025-03-17 05:23:10,264.27,JPY,services,0
txn_0752,c1817f64-5de5-470b-a73a-2b56cb10ad64,2025-04-11 04:44:32,912.57,RUB,clothing,1
txn_0753,8b1e4485-c4c3-4ad6-9386-16c9f5016a87,2025-03-26 10:53:44,291.72,EUR,services,0
txn_0754,684ccb89-eac7-4f65-b1af-a22bb5221466,2025-03-18 15:35:04,252.09,USD,home,1
txn_0755,648b2592-96ba-44a8-81dd-befab8266439,2025-04-13 12:47:37,736.94,USD,electronics,0
txn_0756,9e2c6eb4-9154-4ef8-8119-83869e10b0c2,2025-04-09 17:10:33,787.7,EUR,food,0
txn_0757,84480f22-1ec6-4566-9059-f9b7a45fb4b6,2025-03-18 22:53:38,656.84,EUR,home,0
txn_0758,fd5da385-2985-4024-b60a-e52f0e82e6f8,2025-04-10 01:59:50,57.21,JPY,services,0
txn_0759,2c7d402e-71de-49a7-9fd6-7d72e260da97,2025-03-16 02:57:30,963.97,EUR,electronics,0
txn_0760,2830daa7-002c-4528-a777-51ae37cd0570,2025-03-24 03:29:06,267.53,EUR,clothing,0
txn_0761,f99a3c5e-1a78-45d7-8786-8a51fc899fdd,2025-03-24 00:47:17,454.62,JPY,home,0
txn_0762,bc2ab415-6097-475a-9376-c2d83e536f0b,2025-03-31 06:54:36,366.35,USD,food,0
txn_0763,bc2ab415-6097-475a-9376-c2d83e536f0b,2025-04-01 16:05:41,240.5,JPY,services,0
txn_0764,b7278574-2ee7-419c-ae43-7e0ff3113356,2025-03-21 09:40:24,903.47,EUR,home,0
txn_0765,3ff1c715-7073-4d47-a78d-dc4584df4a44,2025-04-10 14:45:23,693.96,GBP,electronics,0
txn_0766,f99a682c-11a3-41e8-8529-47a0ea302516,2025-03-16 09:51:19,491.66,USD,services,0
txn_0767,ea427ed6-cd5d-46cc-b61f-974444b21bb5,2025-03-22 02:01:04,840.5,EUR,services,0
txn_0768,f5b83a35-9843-457f-a393-df64bf30a057,2025-04-10 01:46:38,428.93,EUR,home,0
txn_0769,3ff1c715-7073-4d47-a78d-dc4584df4a44,2025-03-27 15:57:17,451.68,RUB,services,0
txn_0770,6e025f27-840d-48cf-ba66-ff1fb080ab83,2025-03-19 12:47:12,564.12,GBP,electronics,0
txn_0771,52d39ae6-44ce-4610-b214-57dce05da562,2025-03-24 07:47:47,643.01,EUR,home,0
txn_0772,2c7d402e-71de-49a7-9fd6-7d72e260da97,2025-04-06 09:21:20,631.82,EUR,electronics,0
txn_0773,c1817f64-5de5-470b-a73a-2b56cb10ad64,2025-03-27 02:50:44,841.44,GBP,clothing,0
txn_0774,ea427ed6-cd5d-46cc-b61f-974444b21bb5,2025-04-13 07:54:31,326.91,RUB,services,0
txn_0775,8b1e4485-c4c3-4ad6-9386-16c9f5016a87,2025-03-15 07:48:49,431.99,EUR,electronics,0
txn_0776,52d39ae6-44ce-4610-b214-57dce05da562,2025-03-17 09:06:16,864.9,JPY,home,0
txn_0777,56c26193-cf9e-48f0-b203-b48728eeaab1,2025-04-12 14:13:06,619.69,RUB,clothing,0
txn_0778,f99a3c5e-1a78-45d7-8786-8a51fc899fdd,2025-04-05 08:39:58,392.15,JPY,food,0
txn_0779,684ccb89-eac7-4f65-b1af-a22bb5221466,2025-03-19 05:22:42,140.8,JPY,clothing,0
txn_0780,e8c1c6b0-c18c-4e0c-9d78-125910ba251a,2025-03-15 20:33:28,793.12,EUR,electronics,0
txn_0781,56c26193-cf9e-48f0-b203-b48728eeaab1,2025-03-17 04:09:09,157.47,JPY,home,0
txn_0782,7dbb3b2f-f22a-4339-bf16-7763afaaa659,2025-03-31 22:53:07,664.86,USD,electronics,0
txn_0783,7dbb3b2f-f22a-4339-bf16-7763afaaa659,2025-04-09 14:15:39,634.5,GBP,services,0
txn_0784,52d39ae6-44ce-4610-b214-57dce05da562,2025-04-09 08:45:16,389.98,USD,clothing,0
txn_0785,e46c1325-ad36-4303-a9bc-8e8a315548bb,2025-03-27 13:55:33,218.19,USD,home,0
txn_0786,7e3c3e5e-a143-4207-a860-ca0e5b73e0d0,2025-03-27 13:54:27,937.34,GBP,electronics,0
txn_0787,b0a5df63-0330-409a-8581-0e1c100857b7,2025-03-21 05:58:51,701.37,USD,food,0
txn_0788,684ccb89-eac7-4f65-b1af-a22bb5221466,2025-03-15 22:47:39,209.07,USD,food,0
txn_0789,6d681870-23be-4de4-869a-723a422f52fd,2025-03-20 13:48:47,877.41,EUR,services,0
txn_0790,0292f3b6-5a2f-4d35-97a4-375fd162bd8c,2025-04-06 21:37:00,497.93,USD,food,0
txn_0791,6e025f27-840d-48cf-ba66-ff1fb080ab83,2025-03-15 21:12:21,436.48,RUB,electronics,0
txn_0792,8b1e4485-c4c3-4ad6-9386-16c9f5016a87,2025-04-11 03:40:38,316.02,USD,food,0
txn_0793,049977fb-7a31-4a64-922d-d6259ee8a6a4,2025-04-10 03:23:04,612.9,EUR,electronics,0
txn_0794,2c7d402e-71de-49a7-9fd6-7d72e260da97,2025-03-19 23:39:29,685.54,USD,services,0
txn_0795,8b1e4485-c4c3-4ad6-9386-16c9f5016a87,2025-03-22 05:35:43,864.88,RUB,services,0
txn_0796,648b2592-96ba-44a8-81dd-befab8266439,2025-03-24 03:16:33,235.12,RUB,services,0
txn_0797,f925b328-51fa-43ac-9c9f-b1beea0cbfea,2025-04-08 15:10:20,574.9,GBP,services,0
txn_0798,648b2592-96ba-44a8-81dd-befab8266439,2025-03-30 20:51:11,303.01,GBP,services,0
txn_0799,ac8244b2-0417-4ba7-8ba7-22c518fa0875,2025-04-01 12:00:18,616.18,RUB,clothing,0
txn_0800,f98678b1-779f-4445-8a4a-6b57bbeabf0a,2025-03-24 23:44:13,236.3,GBP,home,0
txn_0801,9e2c6eb4-9154-4ef8-8119-83869e10b0c2,2025-03-19 18:20:07,217.57,JPY,home,0
txn_0802,0292f3b6-5a2f-4d35-97a4-375fd162bd8c,2025-03-23 22:00:34,123.86,RUB,clothing,0
txn_0803,f99a3c5e-1a78-45d7-8786-8a51fc899fdd,2025-04-08 20:28:19,476.42,JPY,clothing,1
txn_0804,56c26193-cf9e-48f0-b203-b48728eeaab1,2025-04-09 05:32:43,843.43,JPY,clothing,0
txn_0805,f1c6ce60-3d97-4bc1-99d9-0e0fe040ea99,2025-04-08 10:11:40,159.92,RUB,services,0
txn_0806,47937ab1-6274-483b-860e-fffcf8d805ba,2025-04-02 09:38:07,34.95,GBP,food,0
txn_0807,52d39ae6-44ce-4610-b214-57dce05da562,2025-03-26 06:25:08,651.47,GBP,services,0
txn_0808,bbc02506-18e9-44bb-a05f-37bd783d9789,2025-04-11 03:24:55,491.54,GBP,home,0
txn_0809,f99a682c-11a3-41e8-8529-47a0ea302516,2025-03-17 16:19:04,681.8,RUB,food,0
txn_0810,b0a5df63-0330-409a-8581-0e1c100857b7,2025-04-02 09:55:21,472.21,USD,home,0
txn_0811,7dbb3b2f-f22a-4339-bf16-7763afaaa659,2025-04-12 12:10:15,112.07,JPY,services,0
txn_0812,3ff1c715-7073-4d47-a78d-dc4584df4a44,2025-03-29 04:31:44,851.15,RUB,clothing,1
txn_0813,5fe14149-66c4-463e-a57d-9c170faa3281,2025-03-15 12:52:45,423.37,GBP,services,0
txn_0814,8e56f62c-0003-46c4-b2e8-ba88794b94f5,2025-04-07 13:18:19,947.67,GBP,clothing,0
txn_0815,3ff1c715-7073-4d47-a78d-dc4584df4a44,2025-04-08 11:56:14,32.93,USD,home,0
txn_0816,f584571b-b005-4fbd-a64b-f83b987e5975,2025-03-27 20:07:04,825.58,GBP,services,0
txn_0817,168ec8ea-3226-4a50-b463-bde5c2001e52,2025-03-21 18:20:00,881.6,GBP,electronics,1
txn_0818,2c7d402e-71de-49a7-9fd6-7d72e260da97,2025-04-12 09:02:04,859.6,GBP,clothing,0
txn_0819,0f3ecd8d-396a-4f1e-9040-025e6ce187fe,2025-04-12 12:42:28,4.96,USD,clothing,0
txn_0820,b0a5df63-0330-409a-8581-0e1c100857b7,2025-03-28 05:21:22,858.7,GBP,electronics,0
txn_0821,9b15ee91-8d72-4991-a5aa-b52cf6730101,2025-04-08 18:07:13,365.68,GBP,electronics,0
txn_0822,684ccb89-eac7-4f65-b1af-a22bb5221466,2025-04-03 09:10:56,619.44,JPY,electronics,0
txn_0823,b0a5df63-0330-409a-8581-0e1c100857b7,2025-03-26 18:18:48,710.12,EUR,services,0
txn_0824,bbc02506-18e9-44bb-a05f-37bd783d9789,2025-03-19 16:13:40,238.86,EUR,services,1
txn_0825,ea427ed6-cd5d-46cc-b61f-974444b21bb5,2025-03-27 19:19:58,9.27,EUR,home,0
txn_0826,0292f3b6-5a2f-4d35-97a4-375fd162bd8c,2025-04-03 22:46:27,471.28,JPY,food,0
txn_0827,ea427ed6-cd5d-46cc-b61f-974444b21bb5,2025-03-15 17:37:25,40.0,RUB,services,0
txn_0828,f925b328-51fa-43ac-9c9f-b1beea0cbfea,2025-04-09 16:48:01,544.35,RUB,food,0
txn_0829,f99a3c5e-1a78-45d7-8786-8a51fc899fdd,2025-04-07 10:41:32,997.6,JPY,food,0
txn_0830,684ccb89-eac7-4f65-b1af-a22bb5221466,2025-03-28 04:56:45,706.78,GBP,electronics,0
txn_0831,09a8efa4-4cd3-4407-89a0-1995b541d1a0,2025-04-07 02:30:26,626.55,JPY,food,0
txn_0832,e46c1325-ad36-4303-a9bc-8e8a315548bb,2025-03-16 18:55:05,930.69,USD,clothing,0
txn_0833,684ccb89-eac7-4f65-b1af-a22bb5221466,2025-04-05 23:06:49,453.69,JPY,clothing,0
txn_0834,2c7d402e-71de-49a7-9fd6-7d72e260da97,2025-03-18 01:37:01,574.49,EUR,services,0
txn_0835,9b15ee91-8d72-4991-a5aa-b52cf6730101,2025-03-17 15:11:21,677.2,EUR,clothing,0
txn_0836,84480f22-1ec6-4566-9059-f9b7a45fb4b6,2025-04-01 10:27:54,23.72,RUB,food,0
txn_0837,2830daa7-002c-4528-a777-51ae37cd0570,2025-03-24 15:14:07,129.49,USD,home,0
txn_0838,0f3ecd8d-396a-4f1e-9040-025e6ce187fe,2025-03-16 22:11:19,355.56,JPY,clothing,0
txn_0839,8b1e4485-c4c3-4ad6-9386-16c9f5016a87,2025-03-25 14:32:58,640.48,USD,clothing,0
txn_0840,f98678b1-779f-4445-8a4a-6b57bbeabf0a,2025-03-21 23:10:39,279.54,USD,food,0
txn_0841,1903d23d-9d74-4f96-bc1b-0e670380d32d,2025-04-10 21:00:25,828.38,GBP,food,0
txn_0842,3ff1c715-7073-4d47-a78d-dc4584df4a44,2025-03-25 01:36:41,348.01,JPY,home,0
txn_0843,648b2592-96ba-44a8-81dd-befab8266439,2025-03-14 18:05:38,509.24,GBP,clothing,0
txn_0844,fd5da385-2985-4024-b60a-e52f0e82e6f8,2025-03-21 01:36:48,554.22,RUB,services,0
txn_0845,9e2c6eb4-9154-4ef8-8119-83869e10b0c2,2025-03-27 10:31:37,492.66,RUB,electronics,0
txn_0846,0f2c4bb9-9255-4bad-8935-7fb669dd767b,2025-04-11 14:29:18,61.92,JPY,food,0
txn_0847,3ff1c715-7073-4d47-a78d-dc4584df4a44,2025-03-26 15:09:08,632.73,RUB,food,0
txn_0848,1903d23d-9d74-4f96-bc1b-0e670380d32d,2025-03-31 02:52:50,26.61,GBP,clothing,1
txn_0849,c1817f64-5de5-470b-a73a-2b56cb10ad64,2025-03-18 18:44:22,335.56,GBP,services,0
txn_0850,168ec8ea-3226-4a50-b463-bde5c2001e52,2025-04-05 08:44:59,605.99,RUB,services,0
txn_0851,bbc02506-18e9-44bb-a05f-37bd783d9789,2025-03-28 23:38:38,636.73,EUR,clothing,0
txn_0852,6d681870-23be-4de4-869a-723a422f52fd,2025-04-05 22:27:51,419.17,EUR,clothing,0
txn_0853,f925b328-51fa-43ac-9c9f-b1beea0cbfea,2025-03-27 00:11:37,225.06,JPY,clothing,0
txn_0854,f584571b-b005-4fbd-a64b-f83b987e5975,2025-03-25 07:12:10,498.49,USD,food,0
txn_0855,47937ab1-6274-483b-860e-fffcf8d805ba,2025-04-04 11:50:16,610.84,EUR,home,0
txn_0856,f5b83a35-9843-457f-a393-df64bf30a057,2025-03-31 09:17:25,642.08,JPY,home,0
txn_0857,d0104828-6e63-40f5-a494-92377b6b6a9f,2025-03-24 05:19:28,443.15,RUB,home,0
txn_0858,449f2d5d-c63a-413a-ba68-9446bec37727,2025-03-19 23:29:25,147.11,JPY,home,0
txn_0859,f98678b1-779f-4445-8a4a-6b57bbeabf0a,2025-03-28 13:53:42,641.82,EUR,clothing,1
txn_0860,bbc02506-18e9-44bb-a05f-37bd783d9789,2025-04-11 13:12:47,456.97,EUR,clothing,0
txn_0861,0f3ecd8d-396a-4f1e-9040-025e6ce187fe,2025-03-22 08:32:10,901.99,GBP,clothing,0
txn_0862,6e025f27-840d-48cf-ba66-ff1fb080ab83,2025-03-24 12:11:47,41.66,EUR,clothing,0
txn_0863,f925b328-51fa-43ac-9c9f-b1beea0cbfea,2025-03-27 02:33:51,209.03,USD,services,0
txn_0864,47937ab1-6274-483b-860e-fffcf8d805ba,2025-03-16 03:38:11,144.0,USD,clothing,0
txn_0865,ea427ed6-cd5d-46cc-b61f-974444b21bb5,2025-03-21 22:14:31,835.59,GBP,food,0
txn_0866,f99a3c5e-1a78-45d7-8786-8a51fc899fdd,2025-04-12 04:55:02,296.68,GBP,clothing,0
txn_0867,e46c1325-ad36-4303-a9bc-8e8a315548bb,2025-04-06 10:06:24,526.38,JPY,services,0
txn_0868,25a7f241-8539-4f93-b907-c327bce32be8,2025-03-26 11:19:46,880.28,GBP,home,0
txn_0869,8b1e4485-c4c3-4ad6-9386-16c9f5016a87,2025-03-29 06:02:21,617.8,JPY,clothing,0
txn_0870,c1817f64-5de5-470b-a73a-2b56cb10ad64,2025-04-06 04:34:55,884.94,RUB,services,0
txn_0871,049977fb-7a31-4a64-922d-d6259ee8a6a4,2025-04-10 15:17:20,223.79,EUR,clothing,0
txn_0872,168ec8ea-3226-4a50-b463-bde5c2001e52,2025-04-13 09:35:22,324.22,GBP,food,0
txn_0873,56c26193-cf9e-48f0-b203-b48728eeaab1,2025-04-01 23:47:55,333.58,JPY,food,0
txn_0874,7e132216-5bb9-49db-b8bc-ad5587413457,2025-03-21 03:41:27,585.86,RUB,services,1
txn_0875,0f2c4bb9-9255-4bad-8935-7fb669dd767b,2025-03-29 06:27:40,206.61,JPY,clothing,0
txn_0876,bbc02506-18e9-44bb-a05f-37bd783d9789,2025-04-12 16:15:31,9.17,GBP,electronics,0
txn_0877,168ec8ea-3226-4a50-b463-bde5c2001e52,2025-04-05 11:12:50,553.27,GBP,services,0
txn_0878,3ff1c715-7073-4d47-a78d-dc4584df4a44,2025-04-06 05:43:01,488.15,JPY,services,0
txn_0879,d0104828-6e63-40f5-a494-92377b6b6a9f,2025-04-02 20:49:57,106.39,GBP,services,0
txn_0880,84480f22-1ec6-4566-9059-f9b7a45fb4b6,2025-04-06 14:45:37,564.87,USD,home,0
txn_0881,f1c6ce60-3d97-4bc1-99d9-0e0fe040ea99,2025-03-31 08:16:33,251.45,USD,home,0
txn_0882,f925b328-51fa-43ac-9c9f-b1beea0cbfea,2025-03-27 04:24:34,531.48,USD,electronics,0
txn_0883,f584571b-b005-4fbd-a64b-f83b987e5975,2025-03-24 07:11:53,780.93,GBP,clothing,0
txn_0884,2c7d402e-71de-49a7-9fd6-7d72e260da97,2025-04-08 07:58:44,366.82,GBP,home,0
txn_0885,6d681870-23be-4de4-869a-723a422f52fd,2025-03-22 20:04:39,505.99,GBP,food,1
txn_0886,3ff1c715-7073-4d47-a78d-dc4584df4a44,2025-04-02 09:42:39,557.42,JPY,food,0
txn_0887,f99a3c5e-1a78-45d7-8786-8a51fc899fdd,2025-03-16 02:34:40,805.51,USD,services,0
txn_0888,168ec8ea-3226-4a50-b463-bde5c2001e52,2025-04-09 20:22:30,441.74,USD,services,1
txn_0889,8e56f62c-0003-46c4-b2e8-ba88794b94f5,2025-03-24 17:08:53,155.55,GBP,electronics,0
txn_0890,648b2592-96ba-44a8-81dd-befab8266439,2025-03-24 22:44:57,303.61,JPY,services,0
txn_0891,8b1e4485-c4c3-4ad6-9386-16c9f5016a87,2025-03-18 17:30:41,732.83,JPY,electronics,0
txn_0892,8b1e4485-c4c3-4ad6-9386-16c9f5016a87,2025-04-04 08:51:36,322.04,GBP,clothing,0
txn_0893,fd5da385-2985-4024-b60a-e52f0e82e6f8,2025-03-24 10:53:36,243.18,USD,clothing,0
txn_0894,e8c1c6b0-c18c-4e0c-9d78-125910ba251a,2025-03-18 08:47:51,496.44,USD,food,0
txn_0895,168ec8ea-3226-4a50-b463-bde5c2001e52,2025-03-15 17:32:08,460.17,GBP,services,0
txn_0896,2830daa7-002c-4528-a777-51ae37cd0570,2025-04-04 20:06:02,74.12,USD,home,0
txn_0897,25a7f241-8539-4f93-b907-c327bce32be8,2025-03-15 14:47:10,34.16,JPY,home,0
txn_0898,47937ab1-6274-483b-860e-fffcf8d805ba,2025-03-15 14:42:16,9.47,RUB,services,0
txn_0899,6e025f27-840d-48cf-ba66-ff1fb080ab83,2025-04-12 02:18:54,793.25,EUR,clothing,0
txn_0900,25a7f241-8539-4f93-b907-c327bce32be8,2025-04-12 17:34:26,762.38,EUR,home,0
txn_0901,9e2c6eb4-9154-4ef8-8119-83869e10b0c2,2025-04-05 21:48:25,771.51,EUR,services,0
txn_0902,9b15ee91-8d72-4991-a5aa-b52cf6730101,2025-03-24 02:46:00,823.58,GBP,electronics,0
txn_0903,fd5da385-2985-4024-b60a-e52f0e82e6f8,2025-03-24 23:03:06,805.64,GBP,food,1
txn_0904,ea427ed6-cd5d-46cc-b61f-974444b21bb5,2025-03-18 20:08:13,889.47,RUB,home,0
txn_0905,581db429-eae0-401b-b9ad-c3590d379008,2025-03-19 22:18:23,637.21,GBP,services,0
txn_0906,47937ab1-6274-483b-860e-fffcf8d805ba,2025-04-07 18:28:43,914.68,USD,services,0
txn_0907,581db429-eae0-401b-b9ad-c3590d379008,2025-03-20 18:48:27,356.18,JPY,clothing,0
txn_0908,0f2c4bb9-9255-4bad-8935-7fb669dd767b,2025-03-31 16:16:45,415.13,RUB,electronics,0
txn_0909,b0a5df63-0330-409a-8581-0e1c100857b7,2025-03-30 20:05:06,868.08,USD,food,0
txn_0910,f1c6ce60-3d97-4bc1-99d9-0e0fe040ea99,2025-03-27 11:24:34,583.39,EUR,food,0
txn_0911,684ccb89-eac7-4f65-b1af-a22bb5221466,2025-04-12 05:02:04,531.74,GBP,clothing,0
txn_0912,449f2d5d-c63a-413a-ba68-9446bec37727,2025-03-20 19:37:40,838.86,USD,electronics,0
txn_0913,ea427ed6-cd5d-46cc-b61f-974444b21bb5,2025-03-28 12:06:13,373.84,USD,food,0
txn_0914,56c26193-cf9e-48f0-b203-b48728eeaab1,2025-04-04 16:20:14,394.78,JPY,clothing,0
txn_0915,52d39ae6-44ce-4610-b214-57dce05da562,2025-03-28 03:10:15,23.62,JPY,home,0
txn_0916,47937ab1-6274-483b-860e-fffcf8d805ba,2025-04-08 13:25:20,837.28,USD,electronics,0
txn_0917,ea427ed6-cd5d-46cc-b61f-974444b21bb5,2025-04-06 02:04:16,558.37,JPY,electronics,0
txn_0918,f98678b1-779f-4445-8a4a-6b57bbeabf0a,2025-03-24 07:38:17,616.54,USD,home,0
txn_0919,3ff1c715-7073-4d47-a78d-dc4584df4a44,2025-04-05 14:33:20,684.46,EUR,services,0
txn_0920,ac8244b2-0417-4ba7-8ba7-22c518fa0875,2025-03-16 20:30:00,996.16,GBP,home,0
txn_0921,e46c1325-ad36-4303-a9bc-8e8a315548bb,2025-03-24 13:18:43,771.96,USD,clothing,0
txn_0922,3ff1c715-7073-4d47-a78d-dc4584df4a44,2025-03-25 10:28:52,338.38,RUB,food,0
txn_0923,f99a682c-11a3-41e8-8529-47a0ea302516,2025-04-02 13:16:42,302.58,RUB,electronics,0
txn_0924,ebe711f9-ad48-43c6-a7ce-fb743bb4ab62,2025-04-03 11:49:34,58.93,EUR,services,0
txn_0925,ac8244b2-0417-4ba7-8ba7-22c518fa0875,2025-03-18 21:31:16,173.82,USD,clothing,0
txn_0926,f584571b-b005-4fbd-a64b-f83b987e5975,2025-03-15 05:44:26,599.65,JPY,clothing,0
txn_0927,b7278574-2ee7-419c-ae43-7e0ff3113356,2025-04-09 21:40:24,490.97,JPY,electronics,0
txn_0928,fd5da385-2985-4024-b60a-e52f0e82e6f8,2025-03-29 02:40:16,965.53,GBP,home,0
txn_0929,5e58c2f2-9679-4f47-806d-255f5f240bb0,2025-03-24 01:30:15,248.73,RUB,food,0
txn_0930,2830daa7-002c-4528-a777-51ae37cd0570,2025-03-28 06:16:39,805.9,GBP,food,0
txn_0931,049977fb-7a31-4a64-922d-d6259ee8a6a4,2025-03-28 03:27:50,587.28,USD,home,0
txn_0932,6d681870-23be-4de4-869a-723a422f52fd,2025-03-22 12:09:54,324.21,JPY,services,0
txn_0933,f925b328-51fa-43ac-9c9f-b1beea0cbfea,2025-04-04 14:51:42,574.12,USD,services,0
txn_0934,8b1e4485-c4c3-4ad6-9386-16c9f5016a87,2025-03-20 06:08:06,183.19,JPY,clothing,1
txn_0935,ea427ed6-cd5d-46cc-b61f-974444b21bb5,2025-03-25 03:55:31,569.55,GBP,clothing,0
txn_0936,7dbb3b2f-f22a-4339-bf16-7763afaaa659,2025-04-11 19:13:40,210.23,RUB,electronics,0
txn_0937,5e58c2f2-9679-4f47-806d-255f5f240bb0,2025-03-14 21:32:51,528.29,USD,home,0
txn_0938,648b2592-96ba-44a8-81dd-befab8266439,2025-04-02 16:01:25,663.5,RUB,electronics,0
txn_0939,bc2ab415-6097-475a-9376-c2d83e536f0b,2025-04-04 23:16:51,848.73,EUR,electronics,0
txn_0940,f99a3c5e-1a78-45d7-8786-8a51fc899fdd,2025-04-01 14:42:45,877.62,JPY,clothing,0
txn_0941,2c7d402e-71de-49a7-9fd6-7d72e260da97,2025-04-05 15:01:34,438.23,EUR,home,0
txn_0942,581db429-eae0-401b-b9ad-c3590d379008,2025-04-08 12:36:48,480.27,RUB,clothing,0
txn_0943,049977fb-7a31-4a64-922d-d6259ee8a6a4,2025-04-12 14:59:48,649.46,EUR,food,0
txn_0944,0292f3b6-5a2f-4d35-97a4-375fd162bd8c,2025-04-08 15:32:27,884.91,EUR,home,0
txn_0945,2830daa7-002c-4528-a777-51ae37cd0570,2025-03-16 22:14:56,834.13,RUB,electronics,0
txn_0946,5e58c2f2-9679-4f47-806d-255f5f240bb0,2025-04-09 20:25:27,796.79,GBP,food,0
txn_0947,6e025f27-840d-48cf-ba66-ff1fb080ab83,2025-03-25 19:10:44,240.85,RUB,home,1
txn_0948,168ec8ea-3226-4a50-b463-bde5c2001e52,2025-04-01 03:13:30,196.69,EUR,services,0
txn_0949,84480f22-1ec6-4566-9059-f9b7a45fb4b6,2025-04-05 04:02:49,231.44,EUR,services,0
txn_0950,84480f22-1ec6-4566-9059-f9b7a45fb4b6,2025-03-29 22:34:56,955.8,USD,home,0
txn_0951,f584571b-b005-4fbd-a64b-f83b987e5975,2025-03-29 13:08:52,763.26,RUB,home,0
txn_0952,e8c1c6b0-c18c-4e0c-9d78-125910ba251a,2025-04-05 16:28:32,769.04,RUB,home,0
txn_0953,bc2ab415-6097-475a-9376-c2d83e536f0b,2025-04-08 16:08:47,506.62,USD,clothing,0
txn_0954,f98678b1-779f-4445-8a4a-6b57bbeabf0a,2025-04-07 10:59:49,398.56,RUB,electronics,0
txn_0955,648b2592-96ba-44a8-81dd-befab8266439,2025-03-24 07:52:04,310.82,GBP,electronics,0
txn_0956,1903d23d-9d74-4f96-bc1b-0e670380d32d,2025-03-27 15:47:31,890.02,GBP,home,0
txn_0957,47937ab1-6274-483b-860e-fffcf8d805ba,2025-03-31 08:23:33,833.7,GBP,clothing,0
txn_0958,bbc02506-18e9-44bb-a05f-37bd783d9789,2025-03-26 13:51:36,512.63,GBP,services,0
txn_0959,8b1e4485-c4c3-4ad6-9386-16c9f5016a87,2025-04-10 22:14:06,358.26,GBP,food,0
txn_0960,ea427ed6-cd5d-46cc-b61f-974444b21bb5,2025-03-16 14:30:06,866.16,EUR,home,0
txn_0961,2c7d402e-71de-49a7-9fd6-7d72e260da97,2025-03-16 20:57:13,750.16,EUR,clothing,0
txn_0962,e46c1325-ad36-4303-a9bc-8e8a315548bb,2025-04-12 12:11:09,414.12,JPY,electronics,0
txn_0963,049977fb-7a31-4a64-922d-d6259ee8a6a4,2025-03-30 07:42:18,495.98,JPY,home,0
txn_0964,f584571b-b005-4fbd-a64b-f83b987e5975,2025-03-15 07:41:07,612.84,RUB,clothing,0
txn_0965,6d681870-23be-4de4-869a-723a422f52fd,2025-03-15 04:57:51,234.57,GBP,electronics,0
txn_0966,ea427ed6-cd5d-46cc-b61f-974444b21bb5,2025-03-14 19:13:31,804.17,EUR,electronics,0
txn_0967,52d39ae6-44ce-4610-b214-57dce05da562,2025-04-01 02:11:42,948.01,GBP,services,0
txn_0968,f98678b1-779f-4445-8a4a-6b57bbeabf0a,2025-03-29 06:52:27,835.33,JPY,food,0
txn_0969,7e3c3e5e-a143-4207-a860-ca0e5b73e0d0,2025-03-28 10:30:36,748.94,JPY,food,0
txn_0970,5e58c2f2-9679-4f47-806d-255f5f240bb0,2025-03-20 02:06:50,251.22,JPY,services,0
txn_0971,f98678b1-779f-4445-8a4a-6b57bbeabf0a,2025-03-22 04:51:02,670.53,EUR,home,0
txn_0972,f99a682c-11a3-41e8-8529-47a0ea302516,2025-03-26 17:29:44,687.16,GBP,clothing,0
txn_0973,f584571b-b005-4fbd-a64b-f83b987e5975,2025-03-18 10:49:24,582.84,JPY,electronics,0
txn_0974,9e2c6eb4-9154-4ef8-8119-83869e10b0c2,2025-04-06 05:31:32,366.91,USD,services,0
txn_0975,f99a682c-11a3-41e8-8529-47a0ea302516,2025-04-12 23:29:13,235.77,GBP,home,0
txn_0976,3ff1c715-7073-4d47-a78d-dc4584df4a44,2025-03-21 14:17:10,6.78,RUB,electronics,0
txn_0977,56c26193-cf9e-48f0-b203-b48728eeaab1,2025-03-22 11:35:24,459.89,USD,home,0
txn_0978,b0a5df63-0330-409a-8581-0e1c100857b7,2025-03-19 22:28:32,916.02,USD,clothing,0
txn_0979,25a7f241-8539-4f93-b907-c327bce32be8,2025-04-08 11:10:31,412.74,USD,electronics,0
txn_0980,bc2ab415-6097-475a-9376-c2d83e536f0b,2025-03-19 21:52:16,610.21,USD,home,0
txn_0981,3ff1c715-7073-4d47-a78d-dc4584df4a44,2025-03-14 22:19:47,641.46,USD,clothing,0
txn_0982,fd5da385-2985-4024-b60a-e52f0e82e6f8,2025-03-15 19:51:08,751.55,JPY,services,0
txn_0983,0292f3b6-5a2f-4d35-97a4-375fd162bd8c,2025-03-29 07:20:17,61.8,JPY,electronics,0
txn_0984,f98678b1-779f-4445-8a4a-6b57bbeabf0a,2025-03-20 06:50:03,736.88,JPY,services,0
txn_0985,f925b328-51fa-43ac-9c9f-b1beea0cbfea,2025-04-10 03:47:36,237.04,GBP,clothing,0
txn_0986,f925b328-51fa-43ac-9c9f-b1beea0cbfea,2025-03-27 15:56:28,901.55,JPY,food,1
txn_0987,25a7f241-8539-4f93-b907-c327bce32be8,2025-03-29 14:29:11,517.39,GBP,services,0
txn_0988,f925b328-51fa-43ac-9c9f-b1beea0cbfea,2025-03-21 03:01:31,268.06,RUB,electronics,0
txn_0989,0f2c4bb9-9255-4bad-8935-7fb669dd767b,2025-04-06 22:24:10,336.91,EUR,electronics,0
txn_0990,7e132216-5bb9-49db-b8bc-ad5587413457,2025-04-01 23:00:09,544.36,USD,clothing,0
txn_0991,bc2ab415-6097-475a-9376-c2d83e536f0b,2025-03-18 15:01:55,806.93,JPY,home,0
txn_0992,7dbb3b2f-f22a-4339-bf16-7763afaaa659,2025-04-04 06:32:43,183.66,EUR,electronics,0
txn_0993,f584571b-b005-4fbd-a64b-f83b987e5975,2025-03-19 23:32:28,607.85,EUR,home,0
txn_0994,049977fb-7a31-4a64-922d-d6259ee8a6a4,2025-03-20 12:28:27,6.27,RUB,clothing,1
txn_0995,f584571b-b005-4fbd-a64b-f83b987e5975,2025-03-28 05:23:17,940.54,JPY,home,0
txn_0996,f584571b-b005-4fbd-a64b-f83b987e5975,2025-03-17 21:59:21,902.03,JPY,electronics,0
txn_0997,6d681870-23be-4de4-869a-723a422f52fd,2025-03-20 20:08:08,485.23,JPY,home,0
txn_0998,0f3ecd8d-396a-4f1e-9040-025e6ce187fe,2025-04-06 22:39:58,239.82,EUR,clothing,0
txn_0999,684ccb89-eac7-4f65-b1af-a22bb5221466,2025-04-08 07:03:24,494.24,JPY,electronics,0
